gameId,homeTeamElo,awayTeamElo,homeTeamEloAfter,awayTeamEloAfter
201910220LAC,1517,1473,1523.0924045522647,1466.9075954477353
201910220TOR,1673,1415,1674.7003278333232,1413.2996721666768
201910230BRK,1495,1465,1489.377628136828,1470.622371863172
201910230CHO,1497,1350,1498.4059333056973,1348.5940666943027
201910230DAL,1462,1435,1467.7760591702927,1429.2239408297073
201910230IND,1510,1476,1496.3154782249915,1489.6845217750085
201910230MIA,1499,1459,1508.4591829184044,1449.5408170815956
201910230ORL,1543,1350,1545.6344368657956,1347.3655631342044
201910230PHI,1582,1578,1591.0936306195997,1568.9063693804003
201910230PHO,1338,1468,1363.860309143915,1442.139690856085
201910230POR,1602,1586,1589.841539278364,1598.158460721636
201910230SAS,1554,1319,1556.0799279217206,1316.9200720782794
201910230UTA,1596,1552,1600.131483681344,1547.868516318656
201910240DET,1489.6845217750085,1423,1467.3099304207153,1445.3745913542932
201910240GSW,1635,1523.0924045522647,1608.1912605515427,1549.901144000722
201910240HOU,1653,1643,1642.8162282329943,1653.1837717670057
201910250BOS,1568.9063693804003,1674.7003278333232,1577.4949339024074,1666.111763311316
201910250BRK,1489.377628136828,1316.9200720782794,1491.2944000140678,1315.0033002010396
201910250CHO,1498.4059333056973,1470.622371863172,1474.1929743784124,1494.835330790457
201910250DEN,1598.158460721636,1363.860309143915,1599.0255985031079,1362.993171362443
201910250LAL,1466.9075954477353,1600.131483681344,1478.8412879198931,1588.197791209186
201910250MEM,1449.5408170815956,1348.5940666943027,1434.5132331203788,1363.6216506555195
201910250NOP,1413.2996721666768,1467.7760591702927,1404.1879675061898,1476.8877638307797
201910250OKC,1547.868516318656,1429.2239408297073,1527.8435344048708,1449.2489227434926
201910250SAC,1442.139690856085,1589.841539278364,1434.1251055987373,1597.8561245357118
201910260ATL,1445.3745913542932,1545.6344368657956,1452.2556010179237,1538.753427202165
201910260CHI,1363.6216506555195,1666.111763311316,1356.4952193503445,1673.238194616491
201910260CLE,1347.3655631342044,1496.3154782249915,1361.6162356880031,1482.0648056711927
201910260DET,1467.3099304207153,1591.0936306195997,1460.7548504280076,1597.6487106123075
201910260HOU,1642.8162282329943,1404.1879675061898,1643.9863597872416,1403.0178359519425
201910260MIL,1653.1837717670057,1508.4591829184044,1640.3928138020706,1521.2501408833396
201910260NYK,1315.0033002010396,1577.4949339024074,1306.586257499345,1585.911976604102
201910260PHO,1362.993171362443,1549.901144000722,1376.284834640821,1536.6094807223442
201910260SAS,1556.0799279217206,1449.2489227434926,1558.1556178782746,1447.1732327869386
201910260UTA,1588.197791209186,1434.1251055987373,1595.8727703061963,1426.450126501727
201910270DAL,1476.8877638307797,1597.8561245357118,1472.7478011543442,1601.9960872121474
201910270LAL,1478.8412879198931,1474.1929743784124,1489.9853924592865,1463.048869839019
201910270MEM,1434.5132331203788,1491.2944000140678,1438.22346997503,1487.5841631594167
201910270MIN,1494.835330790457,1521.2501408833396,1501.6361995659847,1514.4492721078118
201910270OKC,1527.8435344048708,1608.1912605515427,1548.8146535975147,1587.2201413588987
201910280ATL,1452.2556010179237,1597.6487106123075,1448.48951178858,1601.414799841651
201910280DET,1460.7548504280076,1482.0648056711927,1464.5758310084407,1478.2438250907596
201910280HOU,1643.9863597872416,1548.8146535975147,1646.8703138774672,1545.930699507289
201910280LAC,1536.6094807223442,1463.048869839019,1543.4532892255033,1456.20506133586
201910280MIL,1640.3928138020706,1361.6162356880031,1642.8245929547427,1359.184456535331
201910280NOP,1403.0178359519425,1587.2201413588987,1395.7021239698556,1594.5358533409856
201910280NYK,1306.586257499345,1356.4952193503445,1314.094230145895,1348.9872467037947
201910280PHO,1376.284834640821,1595.8727703061963,1373.9856054911752,1598.171999455842
201910280SAC,1426.450126501727,1599.0255985031079,1420.5800052344355,1604.8957197703994
201910280SAS,1558.1556178782746,1601.9960872121474,1563.0209960003272,1597.1307090900948
201910280TOR,1673.238194616491,1538.753427202165,1676.857268177892,1535.1343536407642
201910290DEN,1604.8957197703994,1472.7478011543442,1594.9947023463517,1482.648818578392
201910290LAL,1489.9853924592865,1438.22346997503,1502.051226292193,1426.1576361421235
201910290MIA,1514.4492721078118,1448.48951178858,1521.5549422693982,1441.3838416269937
201910300BOS,1585.911976604102,1642.8245929547427,1596.0251751253093,1632.7113944335354
201910300BRK,1487.5841631594167,1478.2438250907596,1473.9425494684567,1491.8854387817196
201910300CLE,1359.184456535331,1348.9872467037947,1364.5002697633201,1343.6714334758055
201910300GSW,1594.5358533409856,1373.9856054911752,1571.4433017019037,1397.078157130257
201910300OKC,1545.930699507289,1597.1307090900948,1539.8106387381024,1603.2507698592815
201910300ORL,1535.1343536407642,1314.094230145895,1537.8258246937887,1311.4027590928704
201910300PHI,1601.414799841651,1501.6361995659847,1609.2141356674936,1493.8368637401422
201910300SAC,1420.5800052344355,1456.20506133586,1410.9018961880602,1465.8831703822352
201910300TOR,1676.857268177892,1464.5758310084407,1679.6849732206774,1461.7481259656552
201910300UTA,1598.171999455842,1543.4532892255033,1605.343055525099,1536.2822331562463
201910300WAS,1447.1732327869386,1646.8703138774672,1444.6615885657025,1649.3819580987033
201910310ATL,1441.3838416269937,1521.5549422693982,1431.7152003522372,1531.2235835441547
201910310LAC,1536.2822331562463,1563.0209960003272,1542.5420649780017,1556.7611641785718
201910310NOP,1395.7021239698556,1594.9947023463517,1416.1760737975899,1574.5207525186174
201911010BOS,1596.0251751253093,1311.4027590928704,1596.8004675065536,1310.627466711626
201911010BRK,1473.9425494684567,1649.3819580987033,1485.8209742571826,1637.5035333099775
201911010CHI,1343.6714334758055,1461.7481259656552,1352.6546954742091,1452.7648639672516
201911010DAL,1482.648818578392,1502.051226292193,1470.879287002929,1513.8207578676559
201911010GSW,1571.4433017019037,1556.7611641785718,1551.8996736406723,1576.3047922398032
201911010IND,1491.8854387817196,1364.5002697633201,1495.1327196021211,1361.2529889429186
201911010ORL,1537.8258246937887,1632.7113944335354,1516.21039683334,1654.3268222939842
201911010SAC,1410.9018961880602,1605.343055525099,1416.958301627303,1599.2866500858563
201911020DET,1452.7648639672516,1485.8209742571826,1458.0246059621966,1480.5612322622376
201911020GSW,1551.8996736406723,1465.8831703822352,1539.530646349299,1478.2521976736084
201911020MEM,1426.1576361421235,1397.078157130257,1412.6509584047355,1410.584834867645
201911020MIL,1654.3268222939842,1679.6849732206774,1662.6779632325508,1671.3338322821107
201911020OKC,1539.8106387381024,1416.1760737975899,1544.145467058258,1411.8412454774343
201911020ORL,1516.21039683334,1574.5207525186174,1509.4463063942899,1581.2848429576675
201911020POR,1603.2507698592815,1609.2141356674936,1598.1650943420318,1614.2998111847432
201911020WAS,1444.6615885657025,1493.8368637401422,1425.3670864820353,1513.1313658238093
201911030CLE,1361.2529889429186,1470.879287002929,1346.6106007894414,1485.5216751564062
201911030IND,1495.1327196021211,1352.6546954742091,1499.498935214515,1348.2884798618152
201911030LAC,1542.5420649780017,1599.2866500858563,1552.6483459331894,1589.1803691306686
201911030MIA,1531.2235835441547,1637.5035333099775,1554.960701847847,1613.7664150062851
201911030NYK,1310.627466711626,1416.958301627303,1295.2930779489957,1432.2926903899333
201911030SAS,1576.3047922398032,1513.8207578676559,1563.5856417542154,1526.5399083532436
201911040BRK,1480.5612322622376,1411.8412454774343,1485.9642608228833,1406.4382169167886
201911040GSW,1539.530646349299,1598.1650943420318,1548.5333075842866,1589.1624331070443
201911040MEM,1412.6509584047355,1613.7664150062851,1407.4556194907725,1618.9617539202482
201911040MIN,1513.1313658238093,1662.6779632325508,1497.186666335038,1678.6226627213223
201911040PHO,1410.584834867645,1614.2998111847432,1421.4302167344026,1603.4544293179856
201911040WAS,1425.3670864820353,1458.0246059621966,1437.0393026803547,1446.3523897638772
201911050ATL,1431.7152003522372,1563.5856417542154,1442.7937828334848,1552.5070592729678
201911050CHI,1348.2884798618152,1526.5399083532436,1343.0198153602962,1531.8085728547626
201911050CHO,1478.2521976736084,1499.498935214515,1482.07213167385,1495.6790012142735
201911050CLE,1346.6106007894414,1596.8004675065536,1342.7912838214568,1600.6197844745382
201911050DEN,1581.2848429576675,1554.960701847847,1591.738530767716,1544.5070140377986
201911050OKC,1544.145467058258,1509.4463063942899,1549.7164894883595,1503.8752839641884
201911060ATL,1442.7937828334848,1343.0198153602962,1415.753517810638,1370.060080383143
201911060DAL,1485.5216751564062,1503.8752839641884,1488.6771870113007,1500.719772109294
201911060DET,1446.3523897638772,1295.2930779489957,1451.9273871306902,1289.7180805821827
201911060HOU,1618.9617539202482,1548.5333075842866,1626.5238462626155,1540.9712152419193
201911060IND,1495.6790012142735,1437.0393026803547,1503.0438846737625,1429.6744192208657
201911060LAC,1552.6483459331894,1678.6226627213223,1546.73232103714,1684.5386876173716
201911060MEM,1407.4556194907725,1497.186666335038,1422.1539192156931,1482.4883666101173
201911060TOR,1671.3338322821107,1432.2926903899333,1672.6544222420287,1430.9721004300154
201911060UTA,1589.1803691306686,1603.4544293179856,1592.8859577428436,1599.7488407058106
201911070CHO,1482.07213167385,1600.6197844745382,1467.4181818861732,1615.273734262215
201911070LAC,1546.73232103714,1589.1624331070443,1553.422429287349,1582.4723248568355
201911070PHO,1421.4302167344026,1544.5070140377986,1409.4806123267917,1556.4566184454095
201911070SAS,1552.5070592729678,1549.7164894883595,1559.4268202179655,1542.7967285433617
201911080ATL,1415.753517810638,1430.9721004300154,1401.506333746947,1445.2192844937065
201911080DAL,1488.6771870113007,1289.7180805821827,1475.9168593608363,1302.4784082326469
201911080DEN,1591.738530767716,1599.7488407058106,1595.9093062607844,1595.578065212742
201911080IND,1503.0438846737625,1451.9273871306902,1507.4310548937349,1447.5402169107178
201911080LAL,1531.8085728547626,1556.4566184454095,1542.6099982646422,1545.65519303553
201911080MIN,1482.4883666101173,1540.9712152419193,1489.6358419146304,1533.8237399374061
201911080NOP,1406.4382169167886,1672.6544222420287,1399.469050221293,1679.6235889375243
201911080ORL,1500.719772109294,1422.1539192156931,1512.0833251285387,1410.7903661964483
201911080POR,1582.4723248568355,1485.9642608228833,1572.1090235642062,1496.3275621155126
201911080UTA,1592.8859577428436,1684.5386876173716,1598.7740086120339,1678.6506367481813
201911080WAS,1429.6744192208657,1342.7912838214568,1410.035707605323,1362.4299954369994
201911090CHI,1370.060080383143,1626.5238462626155,1361.3971835208745,1635.186743124884
201911090CHO,1467.4181818861732,1399.469050221293,1456.6351510391721,1410.252081068294
201911090MEM,1410.7903661964483,1475.9168593608363,1396.091226929761,1490.6159986275236
201911090OKC,1542.7967285433617,1533.8237399374061,1548.1422412201357,1528.4782272606321
201911090SAS,1559.4268202179655,1615.273734262215,1541.765117443263,1632.9354370369174
201911100LAL,1542.6099982646422,1679.6235889375243,1534.7687321498568,1687.4648550523098
201911100MIN,1489.6358419146304,1595.9093062607844,1485.262989059415,1600.2821591159998
201911100NYK,1302.4784082326469,1362.4299954369994,1284.450548204235,1380.4578554654113
201911100OKC,1548.1422412201357,1678.6506367481813,1544.1503563185518,1682.6425216497653
201911100ORL,1512.0833251285387,1507.4310548937349,1501.1698593738215,1518.344520648452
201911100PHI,1595.578065212742,1456.6351510391721,1598.8748953734375,1453.3383208784767
201911100PHO,1409.4806123267917,1496.3275621155126,1429.8687628796042,1475.9394115627001
201911100POR,1572.1090235642062,1401.506333746947,1575.4803055041443,1398.1350518070087
201911110BOS,1632.9354370369174,1490.6159986275236,1636.6365392772273,1486.9148963872137
201911110DET,1447.5402169107178,1485.262989059415,1438.7027656400537,1494.1004403300792
201911110GSW,1528.4782272606321,1598.7740086120339,1515.26278758698,1611.989448285686
201911110LAC,1553.422429287349,1687.4648550523098,1566.1817452330672,1674.7055391065915
201911110NOP,1410.252081068294,1635.186743124884,1405.9586120706615,1639.4802121225166
201911110SAS,1541.765117443263,1396.091226929761,1530.2478926883687,1407.6084516846554
201911120CHI,1361.3971835208745,1284.450548204235,1369.0099503806327,1276.8377813444768
201911120DEN,1600.2821591159998,1398.1350518070087,1587.4475930060512,1410.9696179169573
201911120IND,1518.344520648452,1544.1503563185518,1534.242648679814,1528.2522282871898
201911120MIA,1545.65519303553,1438.7027656400537,1549.8340722002056,1434.523886475378
201911120PHI,1598.8748953734375,1380.4578554654113,1599.8237488547763,1379.5090019840725
201911120PHO,1429.8687628796042,1534.7687321498568,1421.610522620854,1543.026972408607
201911120SAC,1445.2192844937065,1575.4803055041443,1456.235366374465,1564.4642236233858
201911120UTA,1611.989448285686,1475.9394115627001,1614.584364611722,1473.344495236664
201911130BOS,1636.6365392772273,1410.035707605323,1638.5221083101153,1408.150138572435
201911130CHO,1453.3383208784767,1407.6084516846554,1446.3345809341392,1414.6121916289928
201911130HOU,1639.4802121225166,1566.1817452330672,1644.4345972029714,1561.2273601526124
201911130LAL,1543.026972408607,1515.26278758698,1555.526267178551,1502.763492817036
201911130MIN,1494.1004403300792,1530.2478926883687,1505.4451058305578,1518.90322718789
201911130ORL,1501.1698593738215,1599.8237488547763,1515.730314752734,1585.2632934758637
201911130POR,1564.4642236233858,1674.7055391065915,1556.3666176067504,1682.8031451232268
201911140CLE,1379.5090019840725,1549.8340722002056,1371.7533102119935,1557.5897639722846
201911140DEN,1587.4475930060512,1473.344495236664,1591.2039783391285,1469.5881099035867
201911140MIL,1682.6425216497653,1369.0099503806327,1683.9595801028854,1367.6928919275126
201911140NOP,1405.9586120706615,1561.2273601526124,1415.2617018580193,1551.9242703652546
201911140NYK,1276.8377813444768,1486.9148963872137,1285.6183581411906,1478.1343195905
201911140PHO,1421.610522620854,1410.9696179169573,1431.25548475583,1401.3246557819814
201911150CHO,1446.3345809341392,1434.523886475378,1450.1496363564854,1430.7088310530319
201911150GSW,1502.763492817036,1638.5221083101153,1497.0665911401234,1644.219009987028
201911150HOU,1644.4345972029714,1534.242648679814,1648.5441938400209,1530.1330520427646
201911150LAL,1555.526267178551,1456.235366374465,1557.6838341639138,1454.0777993891022
201911150MEM,1414.6121916289928,1614.584364611722,1420.771401013747,1608.425155226968
201911150MIN,1505.4451058305578,1408.150138572435,1477.6246569031066,1435.9705874998863
201911150OKC,1528.2522282871898,1585.2632934758637,1536.5943076535193,1576.9212141095343
201911150ORL,1515.730314752734,1518.90322718789,1519.2583511569414,1515.3751907836827
201911160CHI,1367.6928919275126,1469.5881099035867,1360.5819973257799,1476.6990045053194
201911160DAL,1478.1343195905,1682.8031451232268,1492.1665986011758,1668.770866112551
201911160IND,1530.1330520427646,1683.9595801028854,1518.2206572674802,1695.8719748781698
201911160LAC,1551.9242703652546,1401.3246557819814,1562.657672319203,1390.5912538280331
201911160MIA,1557.5897639722846,1415.2617018580193,1562.3912363807924,1410.4602294495114
201911160MIN,1477.6246569031066,1648.5441938400209,1466.1159490165387,1660.0529017265887
201911160NYK,1285.6183581411906,1450.1496363564854,1282.7024646426976,1453.0655298549784
201911160SAS,1515.3751907836827,1556.3666176067504,1507.4149865665256,1564.3268218239075
201911170CLE,1371.7533102119935,1576.9212141095343,1362.1634069265704,1586.5111173949574
201911170LAL,1557.6838341639138,1390.5912538280331,1562.9728132218013,1385.3022747701457
201911170MEM,1420.771401013747,1591.2039783391285,1410.459280059421,1601.5160992934545
201911170NOP,1410.4602294495114,1497.0665911401234,1419.8395535314967,1487.687267058138
201911170ORL,1519.2583511569414,1435.9705874998863,1522.3208222206415,1432.9081164361862
201911170SAC,1454.0777993891022,1644.219009987028,1460.054610660711,1638.2421987154191
201911180BRK,1476.6990045053194,1518.2206572674802,1452.6087109339796,1542.31095083882
201911180CHI,1360.5819973257799,1695.8719748781698,1356.4210547853925,1700.0329174185572
201911180DAL,1492.1665986011758,1507.4149865665256,1498.6459959641743,1500.9355892035271
201911180HOU,1660.0529017265887,1564.3268218239075,1668.5208011310622,1555.858922419434
201911180LAC,1562.657672319203,1536.5943076535193,1565.7450618445284,1533.5069181281938
201911180NYK,1282.7024646426976,1362.1634069265704,1298.0065023284242,1346.8593692408438
201911180PHO,1431.25548475583,1638.2421987154191,1423.5153970810134,1645.9822863902357
201911180TOR,1668.770866112551,1453.0655298549784,1674.728087932207,1447.1083080353224
201911180UTA,1608.425155226968,1466.1159490165387,1589.6559908633733,1484.8851133801334
201911190LAL,1562.9728132218013,1533.5069181281938,1567.3984995561898,1529.0812317938053
201911190MEM,1410.459280059421,1487.687267058138,1394.5966862436635,1503.5498608738956
201911190NOP,1419.8395535314967,1555.858922419434,1433.4718192118498,1542.226656739081
201911190SAC,1460.054610660711,1423.5153970810134,1463.901615254938,1419.6683924867864
201911200ATL,1385.3022747701457,1700.0329174185572,1382.0366780248721,1703.2985141638308
201911200BRK,1452.6087109339796,1447.1083080353224,1459.8963878036068,1439.8206311656952
201911200CHI,1356.4210547853925,1430.7088310530319,1372.5498343675285,1414.5800514708958
201911200DAL,1498.6459959641743,1503.5498608738956,1521.4369808191286,1480.7588760189412
201911200DEN,1601.5160992934545,1668.5208011310622,1611.4431625436023,1658.5937378809144
201911200LAC,1565.7450618445284,1645.9822863902357,1571.37970312622,1640.3476451085442
201911200MIA,1562.3912363807924,1346.8593692408438,1566.834555851343,1342.416049770293
201911200MIN,1484.8851133801334,1589.6559908633733,1476.6229742369146,1597.918130006592
201911200PHI,1586.5111173949574,1298.0065023284242,1587.614954797849,1296.9026649255327
201911200TOR,1674.728087932207,1522.3208222206415,1679.478360349541,1517.5705498033076
201911200WAS,1432.9081164361862,1500.9355892035271,1440.3354580428224,1493.508247596891
201911210MIL,1703.2985141638308,1542.226656739081,1706.2261496972742,1539.2990212056375
201911210PHO,1419.6683924867864,1433.4718192118498,1412.794459056104,1440.3457526425323
201911220BRK,1459.8963878036068,1463.901615254938,1471.4816832669092,1452.3163197916356
201911220CHI,1372.5498343675285,1566.834555851343,1366.7734615300105,1572.6109286888611
201911220DAL,1521.4369808191286,1342.416049770293,1529.6299249166366,1334.223105672785
201911220DEN,1611.4431625436023,1640.3476451085442,1616.6106360788554,1635.180171573291
201911220DET,1414.5800514708958,1382.0366780248721,1426.4639634149705,1370.1527660807974
201911220LAC,1571.37970312622,1658.5937378809144,1577.1685690848183,1652.8048719223161
201911220OKC,1529.0812317938053,1567.3984995561898,1522.7038615381803,1573.7758698118148
201911220PHI,1587.614954797849,1493.508247596891,1592.6634741043845,1488.4597282903553
201911220UTA,1597.918130006592,1480.7588760189412,1600.4934738063153,1478.183532219218
201911220WAS,1440.3354580428224,1439.8206311656952,1446.377583430907,1433.7785057776107
201911230ATL,1370.1527660807974,1679.478360349541,1368.0859301558817,1681.5451962744567
201911230CHO,1433.7785057776107,1366.7734615300105,1427.5995006515711,1372.95246665605
201911230CLE,1334.223105672785,1539.2990212056375,1346.1887750490882,1527.3333518293343
201911230IND,1542.31095083882,1517.5705498033076,1546.8353806048256,1513.046120037302
201911230MEM,1394.5966862436635,1573.7758698118148,1391.8535051102244,1576.5190509452539
201911230MIL,1706.2261496972742,1426.4639634149705,1708.3492224109796,1424.3408907012652
201911230MIN,1476.6229742369146,1412.794459056104,1469.2935342772162,1420.1238990158024
201911230NYK,1296.9026649255327,1488.4597282903553,1291.4868681225726,1493.8755250933154
201911230PHI,1592.6634741043845,1572.6109286888611,1605.975117858875,1559.2992849343707
201911230UTA,1600.4934738063153,1440.3457526425323,1603.4357976489846,1437.403428799863
201911240DEN,1616.6106360788554,1420.1238990158024,1619.6995164271423,1417.0350186675155
201911240HOU,1652.8048719223161,1529.6299249166366,1630.4546963070309,1551.9801005319218
201911240LAC,1577.1685690848183,1437.403428799863,1584.0997968790937,1430.4722010055875
201911240NYK,1291.4868681225726,1471.4816832669092,1288.2188411624024,1474.7497102270793
201911240WAS,1446.377583430907,1452.3163197916356,1435.79158508982,1462.9023181327225
201911250ATL,1368.0859301558817,1469.2935342772162,1357.3587012570556,1480.0207631760422
201911250BOS,1635.180171573291,1462.9023181327225,1636.4063865319947,1461.6761031740189
201911250CHI,1372.95246665605,1527.3333518293343,1359.3672003454897,1540.9186181398948
201911250CLE,1346.1887750490882,1474.7497102270793,1342.1668695740977,1478.7716157020698
201911250DET,1424.3408907012652,1513.046120037302,1438.3618062052396,1499.0252045333275
201911250GSW,1478.183532219218,1522.7038615381803,1471.930410982219,1528.9569827751793
201911250IND,1546.8353806048256,1391.8535051102244,1550.7130274404235,1387.9758582746265
201911250MIA,1559.2992849343707,1427.5995006515711,1564.826045091395,1422.072740494547
201911250MIL,1708.3492224109796,1603.4357976489846,1711.093010915247,1600.692009144717
201911250SAS,1493.8755250933154,1576.5190509452539,1483.6557028118093,1586.73887322676
201911250TOR,1681.5451962744567,1605.975117858875,1685.0869272446632,1602.4333868886683
201911260DAL,1551.9801005319218,1584.0997968790937,1536.3215364961982,1599.7583609148173
201911260DEN,1619.6995164271423,1435.79158508982,1623.1867722916475,1432.3043292253149
201911270BOS,1636.4063865319947,1478.7716157020698,1640.023653489805,1475.1543487442596
201911270CHO,1422.072740494547,1438.3618062052396,1425.1999644158307,1435.234582283956
201911270CLE,1342.1668695740977,1499.0252045333275,1333.5050595924388,1507.6870145149865
201911270GSW,1471.930410982219,1359.3672003454897,1477.2943437425054,1354.0032675852033
201911270HOU,1630.4546963070309,1564.826045091395,1635.6003312608775,1559.6804101375483
201911270IND,1550.7130274404235,1600.692009144717,1564.8249509709733,1586.5800856141673
201911270MEM,1387.9758582746265,1599.7583609148173,1385.1293431041015,1602.6048760853423
201911270MIL,1711.093010915247,1357.3587012570556,1712.1305300937133,1356.3211820785893
201911270NOP,1430.4722010055875,1586.73887322676,1425.7531389353708,1591.4579352969768
201911270PHI,1602.4333868886683,1461.6761031740189,1605.2142833911387,1458.8952066715485
201911270PHO,1417.0350186675155,1432.3043292253149,1405.9201452080179,1443.4192026848125
201911270POR,1540.9186181398948,1528.9569827751793,1550.9072148739958,1518.9683860410782
201911270SAS,1483.6557028118093,1480.0207631760422,1468.6042104964336,1495.072255491418
201911270TOR,1685.0869272446632,1288.2188411624024,1686.7967789171323,1286.5089894899334
201911290BRK,1475.1543487442596,1640.023653489805,1484.7571756630214,1630.420826571043
201911290CLE,1333.5050595924388,1712.1305300937133,1331.0032421529452,1714.632347533207
201911290DET,1435.234582283956,1425.1999644158307,1427.8711925914465,1432.56335410834
201911290IND,1564.8249509709733,1356.3211820785893,1565.8282299263353,1355.3179031232273
201911290LAL,1591.4579352969768,1443.4192026848125,1597.5148665147335,1437.3622714670557
201911290MEM,1385.1293431041015,1586.5800856141673,1379.1270028596748,1592.582425858594
201911290MIA,1559.6804101375483,1477.2943437425054,1566.8053685673956,1470.169385312658
201911290NYK,1286.5089894899334,1605.2142833911387,1283.7836464561015,1607.9396264249706
201911290OKC,1518.9683860410782,1425.7531389353708,1522.2095421052984,1422.5119828711506
201911290ORL,1507.6870145149865,1686.7967789171323,1501.9757300307474,1692.5080634013714
201911290PHO,1405.9201452080179,1536.3215364961982,1398.9670028543046,1543.2746788499114
201911290POR,1550.9072148739958,1354.0032675852033,1552.5821510981655,1352.3283313610336
201911290SAS,1468.6042104964336,1602.6048760853423,1481.361665205595,1589.8474213761808
201911300HOU,1635.6003312608775,1355.3179031232273,1640.617568694345,1350.3006656897599
201911300MIL,1714.632347533207,1432.56335410834,1719.1149011911698,1428.0808004503772
201911300PHI,1607.9396264249706,1565.8282299263353,1611.2514768406904,1562.5163795106155
201911300SAC,1458.8952066715485,1623.1867722916475,1466.5094628759052,1615.5725160872908
201912010BRK,1484.7571756630214,1566.8053685673956,1479.2400852161395,1572.3224590142775
201912010DET,1427.8711925914465,1481.361665205595,1449.5720738780983,1459.6607839189433
201912010LAC,1589.8474213761808,1437.3622714670557,1596.322724912282,1430.8869679309546
201912010LAL,1597.5148665147335,1543.2746788499114,1578.4644537341258,1562.3250916305192
201912010MIN,1495.072255491418,1379.1270028596748,1479.5385004150326,1394.6607579360602
201912010NOP,1422.5119828711506,1522.2095421052984,1417.3298186226116,1527.3917063538374
201912010NYK,1283.7836464561015,1630.420826571043,1280.8162027642525,1633.388270262892
201912010ORL,1501.9757300307474,1470.169385312658,1505.9095715816845,1466.235543761721
201912010TOR,1692.5080634013714,1592.582425858594,1699.7986312316536,1585.2918580283117
201912020ATL,1350.3006656897599,1466.235543761721,1372.4010162417017,1444.1351932097791
201912020CHO,1428.0808004503772,1398.9670028543046,1418.3148303100193,1408.7329729946625
201912020MEM,1394.6607579360602,1562.5163795106155,1385.9418413657306,1571.235296080945
201912020MIL,1719.1149011911698,1280.8162027642525,1720.9692859171237,1278.9618180382986
201912020PHI,1611.2514768406904,1585.2918580283117,1617.474056821742,1579.0692780472602
201912020SAC,1466.5094628759052,1352.3283313610336,1452.1712217073007,1366.6665725296382
201912030CLE,1331.0032421529452,1449.5720738780983,1310.7360726797858,1469.8392433512577
201912030DEN,1615.5725160872908,1578.4644537341258,1601.7755724066,1592.2613974148164
201912030LAC,1596.322724912282,1552.5821510981655,1605.9511394809335,1542.953736529514
201912030NOP,1417.3298186226116,1562.3250916305192,1404.099538037197,1575.5553722159339
201912030SAS,1459.6607839189433,1640.617568694345,1466.6036803140105,1633.6746722992777
201912030TOR,1699.7986312316536,1572.3224590142775,1680.4881362774613,1591.6329539684698
201912030WAS,1430.8869679309546,1505.9095715816845,1422.3809577837753,1514.4155817288638
201912040ATL,1372.4010162417017,1479.2400852161395,1361.8920391239278,1489.7490623339133
201912040BOS,1633.388270262892,1591.6329539684698,1642.7687490475794,1582.2524751837825
201912040CHI,1366.6665725296382,1385.9418413657306,1373.2607923464163,1379.3476215489525
201912040CHO,1418.3148303100193,1444.1351932097791,1429.170902640214,1433.2791208795843
201912040DAL,1575.5553722159339,1479.5385004150326,1579.3751816468416,1475.7186909841248
201912040DET,1469.8392433512577,1720.9692859171237,1460.6821953298713,1730.12633393851
201912040OKC,1527.3917063538374,1571.235296080945,1517.961653580575,1580.6653488542074
201912040ORL,1514.4155817288638,1408.7329729946625,1519.9735143282803,1403.175040395246
201912040POR,1542.953736529514,1452.1712217073007,1548.0880994657186,1447.036858771096
201912040UTA,1579.0692780472602,1592.2613974148164,1555.4536995428953,1615.8769759191814
201912050NOP,1404.099538037197,1403.175040395246,1393.3015059013878,1413.973072531055
201912050NYK,1278.9618180382986,1601.7755724066,1270.1610875055273,1610.5763029393713
201912050TOR,1680.4881362774613,1633.6746722992777,1665.4041770084182,1648.7586315683209
201912050WAS,1422.3809577837753,1617.474056821742,1433.9908253838664,1605.8641892216508
201912060BOS,1642.7687490475794,1610.5763029393713,1650.3763193215755,1602.9687326653752
201912060CHI,1373.2607923464163,1433.2791208795843,1368.1220694329184,1438.4178437930823
201912060CHO,1429.170902640214,1489.7490623339133,1420.240449972703,1498.6795150014245
201912060CLE,1310.7360726797858,1519.9735143282803,1306.1287490355116,1524.5808379725545
201912060DET,1460.6821953298713,1580.6653488542074,1470.5228688358825,1570.8246753481963
201912060MIA,1582.2524751837825,1433.9908253838664,1585.6154749860325,1430.6278255816164
201912060MIL,1730.12633393851,1605.9511394809335,1738.2908106254665,1597.786662793977
201912060OKC,1517.961653580575,1475.7186909841248,1524.850559686395,1468.829784878305
201912060POR,1548.0880994657186,1615.8769759191814,1529.3648291237942,1634.600246261106
201912060SAS,1466.6036803140105,1447.036858771096,1469.2653698943575,1444.375169190749
201912070DAL,1579.3751816468416,1393.3015059013878,1587.8115226615714,1384.865164886658
201912070HOU,1648.7586315683209,1413.973072531055,1650.412984002611,1412.318720096765
201912070NYK,1270.1610875055273,1570.8246753481963,1268.6000363820178,1572.3857264717058
201912070PHI,1605.8641892216508,1306.1287490355116,1610.341381328311,1301.6515569288515
201912070UTA,1555.4536995428953,1379.3476215489525,1559.2746960314923,1375.5266250603554
201912080BRK,1498.6795150014245,1602.9687326653752,1504.854319012586,1596.7939286542137
201912080CHO,1420.240449972703,1361.8920391239278,1400.0926665798718,1382.039822516759
201912080DAL,1587.8115226615714,1444.375169190749,1576.3466532836978,1455.8400385686225
201912080LAL,1634.600246261106,1468.829784878305,1639.2044124475847,1464.2256186918262
201912080MIA,1585.6154749860325,1368.1220694329184,1587.2761565809867,1366.4613878379641
201912080PHI,1610.341381328311,1665.4041770084182,1617.3899940578106,1658.3555642789186
201912080POR,1529.3648291237942,1524.850559686395,1514.2756544744636,1539.9397343357255
201912080WAS,1430.6278255816164,1597.786662793977,1420.5950519852624,1607.819436390331
201912090BOS,1650.3763193215755,1301.6515569288515,1652.2994898597372,1299.7283863906898
201912090CHI,1366.4613878379641,1658.3555642789186,1364.8304024683523,1659.9865496485304
201912090GSW,1438.4178437930823,1375.5266250603554,1424.6771754187255,1389.2672934347122
201912090HOU,1650.412984002611,1455.8400385686225,1642.3231266634998,1463.9298959077337
201912090IND,1572.3857264717058,1607.819436390331,1559.7105829693676,1620.4945798926692
201912090MIL,1738.2908106254665,1524.5808379725545,1740.6372888695535,1522.2343597284676
201912090NOP,1384.865164886658,1470.5228688358825,1380.156611276841,1475.2314224456995
201912090PHO,1412.318720096765,1464.2256186918262,1424.9689133197744,1451.5754254688168
201912090UTA,1559.2746960314923,1539.9397343357255,1541.8923907244284,1557.3220396427894
201912100CHO,1400.0926665798718,1420.5950519852624,1406.7221257257156,1413.9655928394186
201912100MIA,1587.2761565809867,1382.039822516759,1590.5276509031507,1378.788328194595
201912100PHI,1617.3899940578106,1596.7939286542137,1622.002268502654,1592.1816542093702
201912100POR,1514.2756544744636,1268.6000363820178,1518.4567556513857,1264.4189352050957
201912110BRK,1504.854319012586,1406.7221257257156,1493.2801294776825,1418.2963152606192
201912110CHI,1364.8304024683523,1378.788328194595,1383.1805930400267,1360.4381376229205
201912110CLE,1299.7283863906898,1642.3231266634998,1297.32040913029,1644.7311039238996
201912110GSW,1424.6771754187255,1264.4189352050957,1415.617489581599,1273.4786210422221
201912110IND,1559.7105829693676,1652.2994898597372,1567.1488272462987,1644.861245582806
201912110MIL,1740.6372888695535,1380.156611276841,1742.0154903734676,1378.7784097729268
201912110MIN,1451.5754254688168,1541.8923907244284,1441.0199254173303,1552.4478907759149
201912110ORL,1522.2343597284676,1639.2044124475847,1513.7678514831305,1647.6709206929218
201912110PHO,1424.9689133197744,1389.2672934347122,1413.0884507819887,1401.1477559724979
201912110SAC,1463.9298959077337,1557.3220396427894,1468.2151072193863,1553.0368283311368
201912110TOR,1659.9865496485304,1620.4945798926692,1636.6236236431562,1643.8575058980434
201912120BOS,1644.861245582806,1622.002268502654,1634.3096871408898,1632.5538269445703
201912120DEN,1592.1816542093702,1518.4567556513857,1599.019884468929,1511.618525391827
201912120DET,1475.2314224456995,1576.3466532836978,1465.0768296528877,1586.5012460765097
201912120SAS,1469.2653698943575,1297.32040913029,1451.8502222607144,1314.7355567639331
201912130ATL,1360.4381376229205,1567.1488272462987,1354.1853795536156,1573.4015853156036
201912130CHI,1383.1805930400267,1418.2963152606192,1371.223190034377,1430.2537182662688
201912130MEM,1401.1477559724979,1742.0154903734676,1397.2975569850908,1745.8656893608747
201912130MIA,1590.5276509031507,1647.6709206929218,1584.5252943763692,1653.6732772197033
201912130MIN,1441.0199254173303,1643.8575058980434,1435.8637006276124,1649.0137306877614
201912130ORL,1513.7678514831305,1644.7311039238996,1498.8667326958255,1659.6322227112046
201912130PHI,1632.5538269445703,1378.7784097729268,1634.1681569427067,1377.1640797747905
201912130SAC,1468.2151072193863,1273.4786210422221,1458.5412531474278,1283.1524751141806
201912130UTA,1552.4478907759149,1415.617489581599,1555.78191138555,1412.2834689719639
201912140CHI,1371.223190034377,1649.0137306877614,1381.7988389715213,1638.4380817506171
201912140DAL,1586.5012460765097,1584.5252943763692,1578.3592690437717,1592.6672714091071
201912140DEN,1599.019884468929,1553.0368283311368,1604.2997883960254,1547.7569244040403
201912140HOU,1659.6322227112046,1465.0768296528877,1641.4606300674118,1483.2484222966805
201912140MEM,1397.2975569850908,1413.9655928394186,1408.6490727317948,1402.6140770927145
201912140MIL,1745.8656893608747,1314.7355567639331,1746.8436602956654,1313.7575858291425
201912140PHO,1413.0884507819887,1451.8502222607144,1407.5843235424063,1457.3543495002968
201912140TOR,1636.6236236431562,1493.2801294776825,1639.8440873752354,1490.0596657456033
201912150ATL,1354.1853795536156,1653.6732772197033,1351.4513461011259,1656.407310672193
201912150BRK,1490.0596657456033,1634.1681569427067,1510.912429094188,1613.315393594122
201912150DEN,1604.2997883960254,1283.1524751141806,1605.3005803487501,1282.1516831614558
201912150GSW,1412.2834689719639,1458.5412531474278,1393.4326983308179,1477.3920237885739
201912150IND,1573.4015853156036,1430.2537182662688,1579.6189965229119,1424.0363070589606
201912150NOP,1377.1640797747905,1498.8667326958255,1367.7556717156708,1508.2751407549451
201912160DET,1483.2484222966805,1402.6140770927145,1462.9331413788832,1422.9293580105118
201912160HOU,1641.4606300674118,1457.3543495002968,1642.8343202520477,1455.980659315661
201912160MEM,1408.6490727317948,1592.6672714091071,1420.8542776614538,1580.4620664794481
201912160MIL,1746.8436602956654,1578.3592690437717,1734.7935321922448,1590.4093971471923
201912160OKC,1547.7569244040403,1381.7988389715213,1549.5124406124407,1380.0433227631208
201912160PHO,1407.5843235424063,1511.618525391827,1403.8962881513125,1515.3065607829208
201912160TOR,1639.8440873752354,1313.7575858291425,1641.9028784944326,1311.6987947099453
201912170CHO,1424.0363070589606,1477.3920237885739,1432.254765032275,1469.1735658152595
201912170IND,1579.6189965229119,1656.407310672193,1585.178170553878,1650.8481366412268
201912170LAC,1638.4380817506171,1403.8962881513125,1642.0689146272503,1400.2654552746794
201912170NOP,1367.7556717156708,1510.912429094188,1361.1401980304934,1517.5279027793654
201912170NYK,1282.1516831614558,1351.4513461011259,1299.5945973327916,1334.00843192979
201912170UTA,1555.78191138555,1508.2751407549451,1560.6385648607877,1503.4184872797075
201912180CLE,1311.6987947099453,1432.254765032275,1317.362430608316,1426.5911291339044
201912180DAL,1590.4093971471923,1634.3096871408898,1581.7431798377038,1642.9759044503783
201912180DEN,1605.3005803487501,1503.4184872797075,1609.5897620921758,1499.129305536282
201912180DET,1462.9331413788832,1641.9028784944326,1454.610014501204,1650.2260053721118
201912180MIN,1435.8637006276124,1361.1401980304934,1421.7227116871452,1375.2811869709606
201912180OKC,1549.5124406124407,1420.8542776614538,1551.9373161629517,1418.4294021109429
201912180PHI,1613.315393594122,1580.4620664794481,1604.4510767005509,1589.3263833730193
201912180POR,1515.3065607829208,1393.4326983308179,1519.4296908949118,1389.3095682188268
201912180WAS,1422.9293580105118,1380.0433227631208,1417.1134182133194,1385.8592625603133
201912190ATL,1334.00843192979,1560.6385648607877,1330.1311032506171,1564.5158935399606
201912190LAC,1642.0689146272503,1642.8343202520477,1633.0799588988423,1651.8232759804557
201912190MIL,1734.7935321922448,1650.8481366412268,1738.853843283599,1646.7878255498727
201912190SAS,1455.980659315661,1517.5279027793654,1467.4474638285396,1506.0610982664866
201912200BOS,1642.9759044503783,1454.610014501204,1647.6820321074701,1449.903886844112
201912200CLE,1317.362430608316,1418.4294021109429,1326.5433400103423,1409.2484927089165
201912200DEN,1609.5897620921758,1421.7227116871452,1612.3001906508941,1419.0122831284268
201912200GSW,1389.3095682188268,1375.2811869709606,1393.581782569859,1371.0089726199285
201912200IND,1585.178170553878,1469.1735658152595,1590.4471318206322,1463.9046045485054
201912200MIA,1589.3263833730193,1299.5945973327916,1591.4230632081662,1297.4979174976447
201912200OKC,1551.9373161629517,1400.2654552746794,1557.103957371208,1395.098814066423
201912200PHI,1604.4510767005509,1581.7431798377038,1582.8894003082542,1603.3048562300005
201912200POR,1519.4296908949118,1499.129305536282,1528.265677857394,1490.2933185737998
201912200TOR,1650.2260053721118,1417.1134182133194,1651.5920057895328,1415.7474177958984
201912210BRK,1506.0610982664866,1330.1311032506171,1509.1470660222049,1327.045135494899
201912210CHO,1426.5911291339044,1564.5158935399606,1419.8381615816756,1571.2688610921894
201912210DET,1449.903886844112,1385.8592625603133,1432.2435783036128,1403.5195711008125
201912210MEM,1409.2484927089165,1463.9046045485054,1415.0037700737068,1458.149327183715
201912210NYK,1297.4979174976447,1738.853843283599,1294.4185691318892,1741.9331916493545
201912210PHI,1582.8894003082542,1415.7474177958984,1587.4593355973516,1411.177482506801
201912210PHO,1395.098814066423,1651.8232759804557,1388.9398891702554,1657.9822008766234
201912210POR,1528.265677857394,1419.0122831284268,1531.8347904868413,1415.4431704989795
201912210SAS,1467.4474638285396,1633.0799588988423,1453.6791510338207,1646.8482716935612
201912220BOS,1647.6820321074701,1419.8381615816756,1652.0703482297865,1415.4498454593593
201912220LAL,1646.7878255498727,1612.3001906508941,1620.5737275358379,1638.514288664929
201912220MIL,1741.9331916493545,1590.4471318206322,1748.9956502210002,1583.3846732489865
201912220OKC,1557.103957371208,1646.8482716935612,1565.1889618746147,1638.7632671901545
201912220TOR,1651.5920057895328,1603.3048562300005,1654.8073662342256,1600.0894957853077
201912230CLE,1326.5433400103423,1327.045135494899,1330.576920481048,1323.011555024193
201912230DET,1432.2435783036128,1587.4593355973516,1421.7087509857868,1597.9941629151776
201912230GSW,1393.581782569859,1415.4431704989795,1401.2975841191133,1407.7273689497251
201912230IND,1583.3846732489865,1654.8073662342256,1590.235982872513,1647.956056610699
201912230MEM,1415.0037700737068,1453.6791510338207,1390.0898617036348,1478.5930594038928
201912230MIA,1591.4230632081662,1571.2688610921894,1595.0946313723764,1567.5972929279792
201912230NYK,1294.4185691318892,1411.177482506801,1287.687296873165,1417.9087547655251
201912230ORL,1490.2933185737998,1403.5195711008125,1494.6134073356936,1399.1994823389186
201912230PHO,1388.9398891702554,1638.514288664929,1386.546419291518,1640.9077585436662
201912230POR,1531.8347904868413,1371.0089726199285,1514.7921676872777,1388.051595419492
201912230SAC,1458.149327183715,1657.9822008766234,1452.1043138668183,1664.0272141935202
201912250DEN,1640.9077585436662,1388.051595419492,1615.11705692358,1413.8422970395782
201912250GSW,1401.2975841191133,1664.0272141935202,1422.466929491242,1642.8578688213915
201912250LAL,1620.5737275358379,1638.7632671901545,1612.033501282599,1647.303493443393
201912250PHI,1597.9941629151776,1748.9956502210002,1613.158171532533,1733.8316416036448
201912250TOR,1647.956056610699,1652.0703482297865,1630.1716953330927,1669.854709507393
201912260BRK,1509.1470660222049,1287.687296873165,1484.705113624005,1312.1292492713649
201912260DAL,1600.0894957853077,1478.5930594038928,1602.6072188426836,1476.075336346517
201912260DET,1421.7087509857868,1417.9087547655251,1437.1819892429603,1402.4355165083516
201912260OKC,1565.1889618746147,1390.0898617036348,1541.5442280406405,1413.734595537609
201912260SAC,1452.1043138668183,1407.7273689497251,1446.2659532332611,1413.5657295832823
201912260UTA,1567.5972929279792,1514.7921676872777,1571.9488221527604,1510.4406384624965
201912270ATL,1323.011555024193,1733.8316416036448,1318.7622286656733,1738.0809679621646
201912270BOS,1669.854709507393,1330.576920481048,1671.2068715035898,1329.2247584848512
201912270CHO,1415.4498454593593,1541.5442280406405,1411.3897634575603,1545.6043100424395
201912270GSW,1422.466929491242,1386.546419291518,1428.4052024385023,1380.6081463442576
201912270MIA,1595.0946313723764,1590.235982872513,1597.9413356417622,1587.3892786031272
201912270ORL,1494.6134073356936,1613.158171532533,1499.316916128538,1608.4546627396887
201912280BOS,1671.2068715035898,1630.1716953330927,1651.0746442805535,1650.303922556129
201912280CHI,1399.1994823389186,1318.7622286656733,1411.2228084697076,1306.7389025348843
201912280DEN,1615.11705692358,1413.734595537609,1617.6313964009287,1411.2202560602605
201912280GSW,1428.4052024385023,1602.6072188426836,1417.0530898607483,1613.9593314204376
201912280HOU,1642.8578688213915,1484.705113624005,1646.2573864842136,1481.305595961183
201912280LAC,1647.303493443393,1571.9488221527604,1628.1910184944416,1591.061297101712
201912280MIA,1597.9413356417622,1608.4546627396887,1600.9902676910033,1605.4057306904476
201912280MIL,1738.0809679621646,1499.316916128538,1740.3838904558932,1497.0139936348094
201912280MIN,1413.5657295832823,1329.2247584848512,1401.2449613805195,1341.545526687614
201912280NOP,1413.8422970395782,1587.3892786031272,1438.416571959008,1562.8150036836973
201912280POR,1510.4406384624965,1612.033501282599,1502.0822728289702,1620.3918669161253
201912280SAC,1446.2659532332611,1380.6081463442576,1438.9035770375667,1387.970522539952
201912280SAS,1476.075336346517,1437.1819892429603,1488.2623058711883,1424.9950197182889
201912280WAS,1402.4355165083516,1312.1292492713649,1388.8443289748882,1325.7204368048283
201912290DEN,1617.6313964009287,1438.9035770375667,1619.6922222337794,1436.842751204716
201912290LAL,1620.3918669161253,1613.9593314204376,1628.9602363320628,1605.3909620045001
201912290MEM,1411.2202560602605,1411.3897634575603,1420.0473731344744,1402.5626463833464
201912290NOP,1438.416571959008,1646.2573864842136,1459.4224456027453,1625.2515128404764
201912290TOR,1650.303922556129,1545.6043100424395,1643.5575526368054,1552.350679961763
201912300CHI,1411.2228084697076,1740.3838904558932,1405.5627825057961,1746.0439164198046
201912300MIN,1401.2449613805195,1481.305595961183,1409.7181403486716,1472.8324169930308
201912300ORL,1497.0139936348094,1306.7389025348843,1478.9855237314466,1324.767372438247
201912300POR,1502.0822728289702,1387.970522539952,1488.905040249489,1401.1477551194332
201912300UTA,1591.061297101712,1424.9950197182889,1596.7316090473,1419.3247077727008
201912300WAS,1388.8443289748882,1600.9902676910033,1412.9116871913093,1576.9229094745822
201912310CHO,1402.5626463833464,1651.0746442805535,1395.2706089387623,1658.3666817251376
201912310HOU,1625.2515128404764,1619.6922222337794,1639.0947337791965,1605.8490012950592
201912310IND,1562.8150036836973,1605.4057306904476,1576.0007899184618,1592.2199444556832
201912310OKC,1552.350679961763,1605.3909620045001,1558.7125768655735,1599.0290651006896
201912310SAC,1436.842751204716,1628.1910184944416,1427.0291398163502,1638.0046298828074
201912310SAS,1488.2623058711883,1417.0530898607483,1491.5148196676162,1413.8005760643205
201912310TOR,1643.5575526368054,1341.545526687614,1645.931100865981,1339.1719784584384
202001010LAL,1628.9602363320628,1401.1477551194332,1631.2702341083996,1398.8377573430964
202001010MIL,1746.0439164198046,1409.7181403486716,1746.6153551898708,1409.1467015786054
202001010NYK,1325.7204368048283,1488.905040249489,1350.9914269156766,1463.6340501386408
202001010WAS,1412.9116871913093,1478.9855237314466,1395.2481379263713,1496.6490729963846
202001020CHI,1405.5627825057961,1596.7316090473,1401.4845890690506,1600.8098024840456
202001020CLE,1339.1719784584384,1395.2706089387623,1333.1489819587257,1401.293605438475
202001020DAL,1599.0290651006896,1472.8324169930308,1603.5487219930787,1468.3127601006418
202001020IND,1576.0007899184618,1605.8490012950592,1565.3666878869537,1616.4831033265673
202001020LAC,1638.0046298828074,1419.3247077727008,1641.0194812925163,1416.309856362992
202001020MIA,1576.9229094745822,1645.931100865981,1585.6777998799625,1637.1762104606007
202001020MIN,1409.1467015786054,1413.8005760643205,1419.0422921355355,1403.9049855073904
202001020SAC,1427.0291398163502,1420.0473731344744,1431.9381437089405,1415.138369241884
202001020SAS,1491.5148196676162,1558.7125768655735,1483.4858122454373,1566.7415842877524
202001030BOS,1658.3666817251376,1324.767372438247,1659.0386715731386,1324.0953825902461
202001030HOU,1639.0947337791965,1592.2199444556832,1645.1038326748605,1586.2108455600192
202001030LAL,1631.2702341083996,1459.4224456027453,1634.4259220155036,1456.2667576956412
202001030ORL,1496.6490729963846,1585.6777998799625,1513.7287226668716,1568.5981502094755
202001030PHO,1398.8377573430964,1350.9914269156766,1404.0706629023498,1345.7585213564232
202001030WAS,1395.2481379263713,1463.6340501386408,1378.9000667569962,1479.9821213080158
202001040ATL,1324.0953825902461,1565.3666878869537,1336.1785740477615,1553.2834964294384
202001040BRK,1468.3127601006418,1637.1762104606007,1457.1108628760517,1648.3781076851908
202001040CHI,1401.4845890690506,1659.0386715731386,1397.4719488753758,1663.0513117668133
202001040CLE,1333.1489819587257,1566.7415842877524,1325.9641311813784,1573.9264350650997
202001040DAL,1603.5487219930787,1401.293605438475,1592.2009955208039,1412.6413319107498
202001040GSW,1403.9049855073904,1416.309856362992,1393.5181071926127,1426.6967346777697
202001040LAC,1641.0194812925163,1415.138369241884,1599.280963242915,1456.8768872914852
202001040MIL,1746.6153551898708,1483.4858122454373,1748.3850350004639,1481.7161324348442
202001040ORL,1513.7287226668716,1600.8098024840456,1501.8482018696213,1612.6903232812958
202001040SAC,1431.9381437089405,1456.2667576956412,1426.1822572528424,1462.0226441517393
202001040WAS,1378.9000667569962,1616.4831033265673,1400.7590646720412,1594.6241054115224
202001050CLE,1325.9641311813784,1419.0422921355355,1313.1841097388738,1431.8223135780402
202001050LAC,1599.280963242915,1345.7585213564232,1600.355313212935,1344.6841713864032
202001050LAL,1634.4259220155036,1426.6967346777697,1636.5232189110695,1424.5994377822037
202001050MIA,1568.5981502094755,1479.9821213080158,1573.7890698980023,1474.7912016194891
202001050PHO,1404.0706629023498,1456.8768872914852,1394.9091581215362,1466.0383920722988
202001060ATL,1336.1785740477615,1594.6241054115224,1331.8663745298554,1598.9363049294284
202001060CHO,1412.6413319107498,1553.2834964294384,1403.8961581451592,1562.028670195029
202001060DAL,1592.2009955208039,1397.4719488753758,1594.6348056644024,1395.0381387317773
202001060NOP,1462.0226441517393,1612.6903232812958,1458.3349645836543,1616.378002849381
202001060ORL,1501.8482018696213,1457.1108628760517,1508.6555134382493,1450.3035513074237
202001060PHI,1586.2108455600192,1573.9264350650997,1591.9393345352019,1568.197946089917
202001060SAC,1426.1822572528424,1393.5181071926127,1433.7729627789467,1385.9274016665083
202001060SAS,1481.7161324348442,1748.3850350004639,1513.902582400575,1716.198585034733
202001060WAS,1400.7590646720412,1663.0513117668133,1413.5471610584664,1650.2632153803881
202001070BRK,1450.3035513074237,1568.197946089917,1442.4336992931226,1576.0677981042181
202001070CLE,1313.1841097388738,1424.5994377822037,1308.8933856770757,1428.8901618440018
202001070LAL,1636.5232189110695,1344.6841713864032,1639.886519427437,1341.3208708700358
202001070MEM,1466.0383920722988,1431.8223135780402,1471.212203937124,1426.648501713215
202001070PHO,1394.9091581215362,1433.7729627789467,1382.369803107675,1446.312317792808
202001070TOR,1648.3781076851908,1474.7912016194891,1639.080787102661,1484.088522202019
202001080ATL,1331.8663745298554,1645.1038326748605,1328.8174066841395,1648.1528005205764
202001080BOS,1650.2632153803881,1513.902582400575,1626.2092087540716,1537.9565890268916
202001080CHO,1403.8961581451592,1639.080787102661,1401.3364738269831,1641.640471420837
202001080DAL,1594.6348056644024,1598.9363049294284,1589.5244928737322,1604.0466177200985
202001080GSW,1385.9274016665083,1716.198585034733,1382.6952035390134,1719.430783162228
202001080IND,1562.028670195029,1573.7890698980023,1546.118606094865,1589.6991339981662
202001080NOP,1458.3349645836543,1395.0381387317773,1465.5341332263515,1387.83897008908
202001080ORL,1508.6555134382493,1413.5471610584664,1519.5852894486532,1402.6173850480625
202001080UTA,1616.378002849381,1341.3208708700358,1619.5373293509174,1338.1615443684993
202001090DET,1428.8901618440018,1308.8933856770757,1419.2411008958265,1318.542446625251
202001090MIN,1426.648501713215,1484.088522202019,1438.4864753082256,1472.2505486070083
202001090OKC,1576.0677981042181,1648.1528005205764,1592.610626581524,1631.6099720432705
202001090PHI,1591.9393345352019,1626.2092087540716,1601.1443650711713,1617.0041782181022
202001100BRK,1442.4336992931226,1589.6991339981662,1450.5719591610334,1581.5608741302553
202001100CHI,1387.83897008908,1546.118606094865,1379.6894656701775,1554.2681105137676
202001100DAL,1589.5244928737322,1639.886519427437,1574.7459168030125,1654.6650954981567
202001100LAC,1600.355313212935,1382.6952035390134,1602.650145718987,1380.4003710329614
202001100MEM,1471.212203937124,1537.9565890268916,1482.9209452596745,1526.2478477043412
202001100NYK,1338.1615443684993,1465.5341332263515,1328.4316496799045,1475.2640279149464
202001100PHO,1382.369803107675,1519.5852894486532,1390.2320877162078,1511.7230048401202
202001100SAC,1446.312317792808,1719.430783162228,1438.812225609326,1726.9308753457099
202001100UTA,1619.5373293509174,1401.3364738269831,1622.9800754926137,1397.8937276852869
202001100WAS,1402.6173850480625,1328.8174066841395,1407.886267838227,1323.548523893975
202001110BOS,1617.0041782181022,1475.2640279149464,1625.7609531796475,1466.5072529534011
202001110DAL,1574.7459168030125,1601.1443650711713,1587.0573695549451,1588.8329123192386
202001110DEN,1604.0466177200985,1318.542446625251,1582.8201607875135,1339.768903557836
202001110DET,1419.2411008958265,1379.6894656701775,1405.3557291212462,1393.5748374447578
202001110HOU,1631.6099720432705,1438.4864753082256,1637.5236307707175,1432.5728165807786
202001110OKC,1592.610626581524,1654.6650954981567,1578.388590590547,1668.8871314891337
202001110POR,1472.2505486070083,1726.9308753457099,1464.0558373316562,1735.125586621062
202001120BRK,1450.5719591610334,1323.548523893975,1457.3436602797458,1316.7768227752626
202001120DEN,1582.8201607875135,1602.650145718987,1590.9740542307227,1594.496252275778
202001120MEM,1482.9209452596745,1380.4003710329614,1490.1152737878776,1373.2060425047582
202001120NYK,1328.4316496799045,1581.5608741302553,1338.3458972364465,1571.6466265737133
202001120PHO,1390.2320877162078,1397.8937276852869,1396.9950854535864,1391.1307299479083
202001120TOR,1641.640471420837,1526.2478477043412,1634.7334786709978,1533.1548404541804
202001120WAS,1407.886267838227,1622.9800754926137,1401.494621164346,1629.3717221664947
202001130BOS,1625.7609531796475,1393.5748374447578,1628.2875473598203,1391.048243264585
202001130DET,1405.3557291212462,1466.5072529534011,1396.4422510558438,1475.4207310188035
202001130IND,1554.2681105137676,1588.8329123192386,1560.7404250651934,1582.3605977678128
202001130LAL,1668.8871314891337,1339.768903557836,1671.5206225710833,1337.1354124758864
202001130MIN,1432.5728165807786,1578.388590590547,1423.0386710540556,1587.92273611727
202001130POR,1464.0558373316562,1391.1307299479083,1466.906658937466,1388.2799083420985
202001130SAC,1438.812225609326,1511.7230048401202,1433.8914112218706,1516.6438192275757
202001140ATL,1316.7768227752626,1396.9950854535864,1329.125179553418,1384.646728675431
202001140BRK,1457.3436602797458,1629.3717221664947,1449.6427637306347,1637.0726187156058
202001140GSW,1373.2060425047582,1587.0573695549451,1361.3804512439099,1598.8829608157935
202001140LAC,1594.496252275778,1337.1354124758864,1598.099931733041,1333.5317330186233
202001140MEM,1490.1152737878776,1637.5236307707175,1504.2916850203464,1623.3472195382487
202001140MIL,1735.125586621062,1338.3458972364465,1736.7474707096048,1336.7240131479036
202001150BOS,1628.2875473598203,1396.4422510558438,1602.0814138818594,1422.6483845338048
202001150CHI,1391.048243264585,1401.494621164346,1398.388588860865,1394.154275568066
202001150DEN,1590.9740542307227,1388.2799083420985,1594.272100241972,1384.981862330849
202001150HOU,1623.3472195382487,1466.906658937466,1604.03582808657,1486.2180503891448
202001150LAL,1671.5206225710833,1516.6438192275757,1664.0224321727437,1524.1420096259153
202001150MIA,1571.6466265737133,1533.1548404541804,1576.3069963308023,1528.4944706970914
202001150MIN,1423.0386710540556,1560.7404250651934,1417.384806200268,1566.394289918981
202001150OKC,1587.92273611727,1634.7334786709978,1577.1150125708568,1645.541202217411
202001150PHI,1582.3605977678128,1449.6427637306347,1586.493104524914,1445.5102569735334
202001150SAC,1433.8914112218706,1598.8829608157935,1429.3375535923783,1603.4368184452858
202001160GSW,1361.3804512439099,1594.272100241972,1358.3873414878062,1597.2652099980758
202001160LAC,1598.099931733041,1524.1420096259153,1608.3782085291414,1513.863732829815
202001160MIL,1736.7474707096048,1602.0814138818594,1739.361482829098,1599.4674017623663
202001160NOP,1475.4207310188035,1637.0726187156058,1485.861629073628,1626.6317206607814
202001160NYK,1336.7240131479036,1384.646728675431,1316.7339263699748,1404.6368154533598
202001170DAL,1603.4368184452858,1486.2180503891448,1607.1328559407013,1482.5220128937292
202001170IND,1566.394289918981,1417.384806200268,1568.0570006460844,1415.7220954731647
202001170MEM,1504.2916850203464,1333.5317330186233,1506.2263163720613,1331.5971016669084
202001170OKC,1577.1150125708568,1576.3069963308023,1566.3205844746665,1587.1014244269927
202001170PHI,1586.493104524914,1398.388588860865,1589.5552444843727,1395.3264489014064
202001170SAS,1528.4944706970914,1329.125179553418,1520.333226600277,1337.2864236502326
202001170TOR,1645.541202217411,1394.154275568066,1649.6915113643436,1390.0039664211333
202001180ATL,1337.2864236502326,1422.6483845338048,1314.4196991567778,1445.5151090272595
202001180BOS,1599.4674017623663,1404.6368154533598,1586.8032203778387,1417.3009968378874
202001180BRK,1445.5102569735334,1739.361482829098,1438.9645985446355,1745.9071412579958
202001180CHI,1395.3264489014064,1331.5971016669084,1397.9046660937693,1329.0188844745455
202001180GSW,1358.3873414878062,1513.863732829815,1375.4016881439352,1496.849386173686
202001180HOU,1604.03582808657,1664.0224321727437,1593.6827420835448,1674.375518175769
202001180MIN,1415.7220954731647,1649.6915113643436,1410.1936858040865,1655.2199210334218
202001180NOP,1485.861629073628,1608.3782085291414,1481.099567231171,1613.1402703715983
202001180NYK,1316.7339263699748,1589.5552444843727,1314.2562430660505,1592.032927788297
202001180OKC,1566.3205844746665,1482.5220128937292,1572.2385932284876,1476.604004139908
202001180UTA,1626.6317206607814,1429.3375535923783,1631.2590304841262,1424.7102437690335
202001190DEN,1597.2652099980758,1568.0570006460844,1584.6624056670423,1580.6598049771178
202001190SAS,1520.333226600277,1587.1014244269927,1527.0587728005169,1580.3758782267528
202001200ATL,1314.4196991567778,1655.2199210334218,1312.2075590164293,1657.4320611737703
202001200BOS,1586.8032203778387,1674.375518175769,1610.5675096417135,1650.6112289118942
202001200BRK,1438.9645985446355,1592.032927788297,1433.1196328183726,1597.87789351456
202001200CHO,1384.981862330849,1496.849386173686,1368.9639889602106,1512.8672595443245
202001200CLE,1329.0188844745455,1314.2562430660505,1307.158372761548,1336.116754779048
202001200HOU,1593.6827420835448,1572.2385932284876,1584.1169046871394,1581.804430624893
202001200MEM,1506.2263163720613,1481.099567231171,1491.978623650157,1495.3472599530753
202001200MIA,1580.3758782267528,1424.7102437690335,1582.7123802042258,1422.3737417915604
202001200MIL,1745.9071412579958,1397.9046660937693,1747.2587054477035,1396.5531019040616
202001200MIN,1410.1936858040865,1584.6624056670423,1404.3698454495466,1590.4862460215822
202001200PHO,1417.3009968378874,1527.0587728005169,1412.9838708370444,1531.3758988013599
202001200POR,1476.604004139908,1375.4016881439352,1479.7158191390017,1372.2898731448415
202001200UTA,1631.2590304841262,1580.6598049771178,1643.695160575266,1568.223674885978
202001200WAS,1390.0039664211333,1445.5151090272595,1397.0654961671924,1438.4535792812005
202001210DAL,1607.1328559407013,1613.1402703715983,1600.099446361879,1620.1736799504206
202001220ATL,1312.2075590164293,1620.1736799504206,1329.3543637672715,1603.0268751995784
202001220BOS,1610.5675096417135,1491.978623650157,1618.0943581387403,1484.4517751531303
202001220CHI,1396.5531019040616,1404.3698454495466,1402.8239099228952,1398.099037430713
202001220DET,1438.4535792812005,1422.3737417915604,1449.7946893880326,1411.0326316847284
202001220GSW,1372.2898731448415,1643.695160575266,1361.82937464428,1654.1556590758275
202001220HOU,1584.1169046871394,1590.4862460215822,1594.5290156524813,1580.0741350562403
202001220MIA,1582.7123802042258,1397.0654961671924,1584.6961568654165,1395.0817195060017
202001220NOP,1495.3472599530753,1531.3758988013599,1488.080843458743,1538.6423152956922
202001220NYK,1336.116754779048,1650.6112289118942,1332.8472231301332,1653.880760560809
202001220ORL,1512.8672595443245,1581.804430624893,1504.8852224697562,1589.7864676994614
202001220PHO,1412.9838708370444,1568.223674885978,1398.6187680748128,1582.5887776482095
202001220TOR,1657.4320611737703,1597.87789351456,1663.7690762156744,1591.5408784726558
202001230BRK,1433.1196328183726,1653.880760560809,1425.501452036654,1661.4989413425276
202001230CLE,1307.158372761548,1395.0817195060017,1295.909110724412,1406.3309815431378
202001230POR,1479.7158191390017,1600.099446361879,1471.919417500252,1607.8958480006288
202001240CHI,1402.8239099228952,1411.0326316847284,1384.514454529992,1429.3420870776315
202001240CHO,1368.9639889602106,1747.2587054477035,1365.8091068364545,1750.4135875714596
202001240DET,1449.7946893880326,1484.4517751531303,1435.6562887273078,1498.590175813855
202001240GSW,1361.82937464428,1582.5887776482095,1355.5986424563325,1588.819509836157
202001240MIA,1584.6961568654165,1603.0268751995784,1576.1595490915925,1611.5634829734024
202001240MIN,1398.099037430713,1594.5290156524813,1392.7963398741126,1599.8317132090815
202001240NOP,1488.080843458743,1580.0741350562403,1480.0642201330068,1588.0907583819765
202001240NYK,1332.8472231301332,1663.7690762156744,1330.2881514094615,1666.328147936346
202001240OKC,1589.7864676994614,1329.3543637672715,1593.7259665212505,1325.4148649454823
202001240ORL,1504.8852224697562,1618.0943581387403,1495.1719969357102,1627.8075836727862
202001240SAS,1538.6423152956922,1398.6187680748128,1527.2573310075543,1410.0037523629508
202001250CLE,1295.909110724412,1384.514454529992,1284.6868850138849,1395.736680240519
202001250DET,1435.6562887273078,1425.501452036654,1421.9834792382003,1439.1742615257615
202001250MIN,1392.7963398741126,1593.7259665212505,1386.7802753233589,1599.7420310720042
202001250PHI,1591.5408784726558,1661.4989413425276,1605.7184343375145,1647.3213854776689
202001250UTA,1654.1556590758275,1607.8958480006288,1658.2426879227044,1603.808819153752
202001260ATL,1325.4148649454823,1406.3309815431378,1341.38952216598,1390.3563243226401
202001260DEN,1588.0907583819765,1599.8317132090815,1594.4711718776375,1593.4512997134204
202001260MEM,1498.590175813855,1410.0037523629508,1501.9081943360497,1406.685733840756
202001260NOP,1480.0642201330068,1627.8075836727862,1497.4172623802037,1610.4545414255892
202001260NYK,1330.2881514094615,1439.1742615257615,1344.0533141768356,1425.4090987583875
202001260ORL,1495.1719969357102,1611.5634829734024,1483.4360239920381,1623.2994559170745
202001260POR,1471.919417500252,1588.819509836157,1483.9239916168722,1576.8149357195368
202001260SAS,1527.2573310075543,1666.328147936346,1522.2034620452487,1671.3820168986517
202001270CHI,1395.736680240519,1522.2034620452487,1400.5754550484248,1517.3646872373429
202001270DET,1421.9834792382003,1284.6868850138849,1397.8828026635547,1308.7875615885305
202001270MIA,1576.1595490915925,1483.4360239920381,1583.9844842246446,1475.611088858986
202001270MIN,1386.7802753233589,1429.3420870776315,1379.662150168567,1436.4602122324234
202001270OKC,1599.7420310720042,1603.808819153752,1586.612478827024,1616.9383713987322
202001270UTA,1658.2426879227044,1593.4512997134204,1643.4425484958465,1608.2514391402783
202001280CHO,1365.8091068364545,1344.0533141768356,1370.3966822167213,1339.4657387965688
202001280CLE,1308.7875615885305,1497.4172623802037,1300.4027816544892,1505.802042314245
202001280DAL,1616.9383713987322,1406.685733840756,1573.008162970885,1450.6159422686032
202001280MEM,1501.9081943360497,1594.4711718776375,1511.5037418843117,1584.8756243293756
202001280MIA,1583.9844842246446,1610.4545414255892,1573.2393846295488,1621.199641020685
202001280MIL,1750.4135875714596,1390.3563243226401,1752.094634483543,1388.6752774105569
202001280PHI,1605.7184343375145,1355.5986424563325,1607.8763084727084,1353.4407683211386
202001280TOR,1671.3820168986517,1341.38952216598,1673.1084857025376,1339.6630533620942
202001290BRK,1425.4090987583875,1397.8828026635547,1431.9948390701238,1391.2970623518183
202001290IND,1576.8149357195368,1400.5754550484248,1579.7045832303786,1397.685807537583
202001290NYK,1339.4657387965688,1511.5037418843117,1327.6137876827552,1523.3556929981253
202001290POR,1483.9239916168722,1608.2514391402783,1498.4812036232902,1593.6942271338603
202001290SAC,1436.4602122324234,1586.612478827024,1423.9329440574159,1599.1397470020315
202001290SAS,1517.3646872373429,1643.4425484958465,1527.4221318653858,1633.3851038678035
202001300ATL,1339.6630533620942,1607.8763084727084,1358.8155048075862,1588.7238570272164
202001300BOS,1621.199641020685,1353.4407683211386,1623.5826530270838,1351.05775631474
202001300CLE,1300.4027816544892,1673.1084857025376,1298.3508064661328,1675.160460890894
202001300DEN,1584.8756243293756,1633.3851038678035,1591.73693767339,1626.523790523789
202001300LAC,1623.2994559170745,1423.9329440574159,1589.079837166705,1458.1525628077854
202001300WAS,1388.6752774105569,1370.3966822167213,1397.1954883873218,1361.8764712399563
202001310BRK,1431.9948390701238,1397.685807537583,1440.2711770957035,1389.4094695120034
202001310DET,1391.2970623518183,1675.160460890894,1386.1523765532859,1680.3051466894265
202001310HOU,1593.6942271338603,1573.008162970885,1599.2056321481887,1567.4967579565566
202001310LAL,1647.3213854776689,1498.4812036232902,1630.6808491844463,1515.1217399165128
202001310MIL,1752.094634483543,1591.73693767339,1730.272602104119,1613.558970052814
202001310NOP,1505.802042314245,1523.3556929981253,1521.9827459756812,1507.1749893366891
202001310PHO,1450.6159422686032,1599.1397470020315,1445.7476050118692,1604.0080842587656
202002010BOS,1623.5826530270838,1588.7238570272164,1633.973776393669,1578.3327336606312
202002010CLE,1298.3508064661328,1351.05775631474,1281.130321637426,1368.2782411434466
202002010DAL,1567.4967579565566,1358.8155048075862,1571.9771916839436,1354.3350710801992
202002010IND,1579.7045832303786,1327.6137876827552,1561.0822279714666,1346.2361429416671
202002010LAC,1589.079837166705,1379.662150168567,1591.9533953354066,1376.7885919998653
202002010ORL,1475.611088858986,1573.2393846295488,1464.1683726745748,1584.68210081396
202002010POR,1515.1217399165128,1626.523790523789,1531.7298833005423,1609.9156471397596
202002010SAC,1458.1525628077854,1630.6808491844463,1448.34106113768,1640.4923508545517
202002010SAS,1527.4221318653858,1361.8764712399563,1533.2828235848528,1356.0157795204893
202002010WAS,1397.1954883873218,1440.2711770957035,1403.9036594629333,1433.563006020092
202002020DET,1386.1523765532859,1613.558970052814,1397.7750875648535,1601.9362590412463
202002020HOU,1599.2056321481887,1521.9827459756812,1603.7375635650305,1517.4508145588393
202002020MIL,1730.272602104119,1445.7476050118692,1732.993458554814,1443.0267485611741
202002020TOR,1680.3051466894265,1389.4094695120034,1683.4388037578276,1386.2758124436023
202002030ATL,1354.3350710801992,1633.973776393669,1350.4429077675845,1637.8659397062836
202002030BRK,1433.563006020092,1443.0267485611741,1446.7104002126143,1429.8793543686518
202002030CHO,1356.0157795204893,1464.1683726745748,1345.5574361617382,1474.626716033326
202002030CLE,1281.130321637426,1346.2361429416671,1273.7717911411185,1353.5946734379747
202002030IND,1561.0822279714666,1571.9771916839436,1549.0105590895662,1584.048860565844
202002030LAC,1591.9533953354066,1533.2828235848528,1595.0111563981823,1530.2250625220772
202002030MEM,1507.1749893366891,1397.7750875648535,1512.6274277956782,1392.3226491058645
202002030MIA,1584.68210081396,1578.3327336606312,1600.3477686710678,1562.6670658035234
202002030SAC,1448.34106113768,1376.7885919998653,1451.5880534680282,1373.5415996695172
202002030WAS,1403.9036594629333,1368.2782411434466,1391.084474785977,1381.097425820403
202002040DEN,1601.9362590412463,1531.7298833005423,1612.6856560057768,1520.9804863360118
202002040HOU,1603.7375635650305,1345.5574361617382,1606.2563142147762,1343.0386855119925
202002040LAL,1640.4923508545517,1530.2250625220772,1649.0426647439394,1521.6747486326894
202002040NOP,1517.4508145588393,1732.993458554814,1510.7100431862882,1739.734229927365
202002050BOS,1637.8659397062836,1474.626716033326,1642.3461862292095,1470.1464695104
202002050BRK,1446.7104002126143,1381.097425820403,1461.2612909939205,1366.5465350390969
202002050DAL,1584.048860565844,1512.6274277956782,1564.175098785831,1532.5011895756911
202002050DET,1392.3226491058645,1429.8793543686518,1400.0187472195441,1422.183256254972
202002050LAC,1595.0111563981823,1600.3477686710678,1605.8097453056291,1589.549179763621
202002050MIN,1373.5415996695172,1350.4429077675845,1362.0546360455944,1361.9298713915073
202002050OKC,1604.0080842587656,1273.7717911411185,1604.9563294132322,1272.8235459866519
202002050TOR,1683.4388037578276,1549.0105590895662,1684.9420507562704,1547.5073120911234
202002050UTA,1609.9156471397596,1612.6856560057768,1602.8158297117218,1619.7854734338146
202002060CHI,1386.2758124436023,1510.7100431862882,1379.7369395851554,1517.248916044735
202002060LAL,1649.0426647439394,1606.2563142147762,1634.1142172082118,1621.1847617505039
202002060MIL,1739.734229927365,1562.6670658035234,1742.9883298445177,1559.4129658863708
202002060NYK,1353.5946734379747,1470.1464695104,1359.1770634771597,1464.564079471215
202002060POR,1520.9804863360118,1521.6747486326894,1527.5367796038922,1515.118455364809
202002070BOS,1642.3461862292095,1361.9298713915073,1643.503421425675,1360.7726361950417
202002070IND,1547.5073120911234,1684.9420507562704,1539.678935256104,1692.7704275912897
202002070OKC,1604.9563294132322,1400.0187472195441,1607.0866743155084,1397.888402317268
202002070PHI,1559.4129658863708,1532.5011895756911,1566.818721419102,1525.0954340429598
202002070PHO,1422.183256254972,1621.1847617505039,1460.1542777080738,1583.2137402974022
202002070SAC,1451.5880534680282,1589.549179763621,1462.9044246989797,1578.2328085326694
202002070UTA,1602.8158297117218,1527.5367796038922,1605.6335198926047,1524.7190894230093
202002070WAS,1391.084474785977,1564.175098785831,1396.74870372226,1558.510869849548
202002080CHO,1343.0386855119925,1558.510869849548,1334.8920802450752,1566.6574751164653
202002080DET,1397.888402317268,1359.1770634771597,1389.9308178864187,1367.134647908009
202002080GSW,1366.5465350390969,1634.1142172082118,1363.3472952864965,1637.3134569608121
202002080IND,1539.678935256104,1517.248916044735,1528.2128172434755,1528.7150340573637
202002080MIN,1362.0546360455944,1605.8097453056291,1397.079423991023,1570.7849573602005
202002080ORL,1464.564079471215,1742.9883298445177,1458.5014300523205,1749.0509792634123
202002080PHO,1460.1542777080738,1619.7854734338146,1452.9898128362547,1626.9499383056336
202002080SAC,1462.9044246989797,1515.118455364809,1477.6623207704226,1500.3605592933661
202002080TOR,1692.7704275912897,1461.2612909939205,1693.651442158326,1460.3802764268842
202002090ATL,1360.7726361950417,1367.134647908009,1365.9845084686478,1361.9227756344028
202002090CLE,1272.8235459866519,1570.7849573602005,1262.048571079077,1581.5599322677754
202002090HOU,1583.2137402974022,1605.6335198926047,1578.3708636123827,1610.4763965776242
202002090OKC,1607.0866743155084,1643.503421425675,1602.4483433435494,1648.141752397634
202002090PHI,1566.818721419102,1379.7369395851554,1569.1714855120322,1377.3841754922253
202002090POR,1524.7190894230093,1578.2328085326694,1531.7231736700892,1571.2287242855896
202002090WAS,1396.74870372226,1525.0954340429598,1389.7403989703432,1532.1037387948766
202002100DAL,1566.6574751164653,1610.4763965776242,1559.567793558323,1617.5660781357665
202002100DEN,1626.9499383056336,1500.3605592933661,1630.2108306004668,1497.099666998533
202002100DET,1389.9308178864187,1334.8920802450752,1373.5883025866028,1351.2345955448911
202002100GSW,1363.3472952864965,1571.2287242855896,1356.372370463798,1578.2036491082881
202002100IND,1528.2128172434755,1460.3802764268842,1522.021348433788,1466.5717452365716
202002100LAL,1637.3134569608121,1452.9898128362547,1642.757462566436,1447.5458072306308
202002100MIL,1749.0509792634123,1477.6623207704226,1751.067652066101,1475.645647967734
202002100ORL,1458.5014300523205,1365.9845084686478,1463.0003881252994,1361.485550395669
202002100TOR,1693.651442158326,1397.079423991023,1695.2988539961239,1395.4320121532253
202002110HOU,1578.3708636123827,1648.141752397634,1589.021037727924,1637.4915782820926
202002110NOP,1528.7150340573637,1531.7231736700892,1541.0803918454947,1519.3578158819582
202002110OKC,1602.4483433435494,1497.099666998533,1587.2721152164286,1512.2758951256537
202002110PHI,1569.1714855120322,1581.5599322677754,1575.5700997476458,1575.1613180321617
202002110WAS,1389.7403989703432,1377.3841754922253,1397.6612266690802,1369.4633477934883
202002120BRK,1466.5717452365716,1695.2988539961239,1483.77535805587,1678.0952411768255
202002120CLE,1262.048571079077,1361.485550395669,1281.0412400501646,1342.4928814245814
202002120DAL,1559.567793558323,1475.645647967734,1567.1982089174585,1468.0152326085986
202002120DEN,1630.2108306004668,1642.757462566436,1622.4056810814852,1650.5626120854176
202002120IND,1522.021348433788,1751.067652066101,1535.9804720282164,1737.1085284716726
202002120MEM,1532.1037387948766,1519.3578158819582,1537.8201555046453,1513.6413991721895
202002120MIN,1395.4320121532253,1351.2345955448911,1383.2857672860857,1363.3808404120307
202002120NYK,1361.9227756344028,1397.6612266690802,1344.407706998787,1415.176295304696
202002120ORL,1463.0003881252994,1373.5883025866028,1465.9698206818878,1370.6188700300145
202002120PHO,1447.5458072306308,1356.372370463798,1451.144281676793,1352.7738960176357
202002120UTA,1617.5660781357665,1578.2036491082881,1625.6467847312008,1570.1229425128538
202002130BOS,1637.4915782820926,1575.1613180321617,1642.3694966949436,1570.2833996193108
202002130NOP,1541.0803918454947,1587.2721152164286,1533.2510702006468,1595.1014368612764
202002200ATL,1342.4928814245814,1570.1229425128538,1354.122983753377,1558.4928401840582
202002200CHI,1369.4633477934883,1363.3808404120307,1355.946417570486,1376.897770635033
202002200DET,1370.6188700300145,1737.1085284716726,1366.124687561896,1741.602710939791
202002200GSW,1352.7738960176357,1589.021037727924,1341.2476230990198,1600.54731064654
202002200PHI,1575.5700997476458,1483.77535805587,1579.7819353364562,1479.5635224670596
202002200SAC,1468.0152326085986,1537.8201555046453,1474.1329789788413,1531.7024091344026
202002210LAL,1650.5626120854176,1531.7024091344026,1655.2591818934286,1527.0058393263917
202002210MIN,1383.2857672860857,1642.3694966949436,1378.3719748358858,1647.2832891451435
202002210NYK,1344.407706998787,1535.9804720282164,1338.5632105899483,1541.824968437055
202002210OKC,1595.1014368612764,1622.4056810814852,1604.5441251600712,1612.9629927826904
202002210ORL,1465.9698206818878,1567.1982089174585,1453.010427396336,1580.1576022030104
202002210POR,1513.6413991721895,1533.2510702006468,1498.8353510540776,1548.0571183187587
202002210TOR,1678.0952411768255,1451.144281676793,1681.3716940234533,1447.8678288301653
202002210UTA,1625.6467847312008,1512.2758951256537,1609.086292616813,1528.8363872400416
202002210WAS,1415.176295304696,1281.0412400501646,1402.6612418487325,1293.556293506128
202002220ATL,1354.122983753377,1580.1576022030104,1364.527353869889,1569.7532320864982
202002220CHI,1355.946417570486,1447.8678288301653,1347.2924221806172,1456.521824220034
202002220CHO,1376.897770635033,1479.5635224670596,1357.3348692816273,1499.1264238204653
202002220LAC,1570.2833996193108,1474.1329789788413,1554.346208663967,1490.070169934185
202002220MIA,1558.4928401840582,1293.556293506128,1561.3369529434688,1290.7121807467174
202002220MIL,1741.602710939791,1579.7819353364562,1747.0453468184269,1574.3392994578203
202002220UTA,1609.086292616813,1600.54731064654,1595.475362392316,1614.158240871037
202002230CHI,1347.2924221806172,1402.6612418487325,1356.1761949786103,1393.7774690507395
202002230DEN,1612.9629927826904,1378.3719748358858,1615.455224770573,1375.8797428480032
202002230GSW,1341.2476230990198,1548.0571183187587,1333.5014657061472,1555.8032757116314
202002230LAL,1655.2591818934286,1647.2832891451435,1658.6145393072186,1643.9279317313535
202002230OKC,1604.5441251600712,1528.8363872400416,1615.004216971486,1518.376295428627
202002230POR,1498.8353510540776,1366.124687561896,1500.9335593587534,1364.0264792572202
202002230TOR,1681.3716940234533,1541.824968437055,1692.2295758514417,1530.9670866090667
202002240BRK,1499.1264238204653,1453.010427396336,1492.1157403413495,1460.0211108754518
202002240CLE,1290.7121807467174,1561.3369529434688,1305.0731132439826,1546.9760204462036
202002240DAL,1569.7532320864982,1375.8797428480032,1573.5397460100467,1372.0932289244547
202002240HOU,1614.158240871037,1338.5632105899483,1616.0205295751352,1336.70092188585
202002240LAC,1554.346208663967,1527.0058393263917,1567.214596995951,1514.1374509944076
202002240PHI,1574.3392994578203,1364.527353869889,1577.9484914214029,1360.9181619063065
202002240UTA,1595.475362392316,1456.521824220034,1566.0528662471463,1485.9443203652036
202002240WAS,1393.7774690507395,1747.0453468184269,1392.1317330859292,1748.691082783237
202002250CHI,1356.1761949786103,1615.004216971486,1353.8854951632302,1617.294916786866
202002250DEN,1615.455224770573,1364.0264792572202,1618.304143309144,1361.1775607186494
202002250GSW,1333.5014657061472,1490.070169934185,1322.150805713823,1501.4208299265092
202002250IND,1530.9670866090667,1357.3348692816273,1538.9525713376315,1349.3493845530625
202002250LAL,1658.6145393072186,1555.8032757116314,1662.8833363808083,1551.5344786380417
202002250POR,1500.9335593587534,1643.9279317313535,1491.7774157353829,1653.084075354724
202002250TOR,1692.2295758514417,1748.691082783237,1680.3807155691343,1760.5399430655445
202002260ATL,1360.9181619063065,1460.0211108754518,1351.278135887574,1469.6611368941842
202002260CHO,1349.3493845530625,1336.70092188585,1354.6060630973986,1331.4442433415138
202002260CLE,1305.0731132439826,1577.9484914214029,1329.0986278163166,1553.9229768490688
202002260HOU,1616.0205295751352,1514.1374509944076,1625.185194977561,1504.9727855919818
202002260MIA,1546.9760204462036,1372.0932289244547,1536.1920193537003,1382.877230016958
202002260PHO,1485.9443203652036,1567.214596995951,1475.6755462965332,1577.4833710646215
202002260SAS,1518.376295428627,1573.5397460100467,1510.0199345544243,1581.8961068842493
202002260UTA,1566.0528662471463,1653.084075354724,1555.374172366768,1663.7627692351023
202002260WAS,1392.1317330859292,1492.1157403413495,1399.0056346763272,1485.2418387509515
202002270GSW,1322.150805713823,1662.8833363808083,1315.2752840880992,1669.7588580065321
202002270IND,1538.9525713376315,1491.7774157353829,1543.4237560574331,1487.3062310155813
202002270OKC,1617.294916786866,1501.4208299265092,1619.8875377830714,1498.8282089303038
202002270PHI,1553.9229768490688,1331.4442433415138,1556.1561809144077,1329.211039276175
202002280ATL,1351.278135887574,1485.2418387509515,1373.4872864917377,1463.032688146788
202002280LAC,1577.4833710646215,1618.304143309144,1595.8163987912037,1599.9711155825617
202002280MEM,1504.9727855919818,1498.8282089303038,1497.6896119908433,1506.1113825314424
202002280MIA,1536.1920193537003,1581.8961068842493,1544.1550432163947,1573.933083021555
202002280MIL,1760.5399430655445,1619.8875377830714,1771.5100106127977,1608.9174702358182
202002280NOP,1551.5344786380417,1329.0986278163166,1554.2047892796336,1326.4283171747247
202002280ORL,1469.6611368941842,1382.877230016958,1474.90026132509,1377.6381055860522
202002280PHO,1475.6755462965332,1361.1775607186494,1467.434702369092,1369.4184046460905
202002280TOR,1680.3807155691343,1354.6060630973986,1666.4585235496845,1368.5282551168484
202002280UTA,1555.374172366768,1399.0056346763272,1558.8066046477645,1395.5732023953308
202002290ATL,1373.4872864917377,1487.3062310155813,1386.7980957985606,1473.9954217087584
202002290BOS,1663.7627692351023,1625.185194977561,1658.0115956110396,1630.9363686016236
202002290CLE,1326.4283171747247,1543.4237560574331,1320.8262374672288,1549.025835764929
202002290MEM,1497.6896119908433,1669.7588580065321,1518.1489355642386,1649.2995344331368
202002290MIA,1544.1550432163947,1463.032688146788,1546.8917576778201,1460.2959736853625
202002290NYK,1329.211039276175,1353.8854951632302,1337.537629084116,1345.5589053552892
202002290PHO,1467.434702369092,1315.2752840880992,1441.4956539451841,1341.214332512007
202002290SAS,1510.0199345544243,1474.90026132509,1512.4951131923422,1472.425082687172
202003010CHO,1368.5282551168484,1771.5100106127977,1366.485078619413,1773.5531871102332
202003010DEN,1599.9711155825617,1666.4585235496845,1612.8235657405041,1653.606073391742
202003010GSW,1341.214332512007,1395.5732023953308,1327.2787338066855,1409.5088011006524
202003010LAC,1595.8163987912037,1556.1561809144077,1600.450984205144,1551.5215955004674
202003010MIN,1377.6381055860522,1573.933083021555,1367.3073032300247,1584.2638853775825
202003010NOP,1554.2047892796336,1649.2995344331368,1545.6482468637648,1657.8560768490056
202003010SAC,1506.1113825314424,1369.4184046460905,1508.9529942089364,1366.5767929685965
202003020ATL,1386.7980957985606,1518.1489355642386,1364.9612482781802,1539.985783084619
202003020CHI,1345.5589053552892,1584.2638853775825,1353.7965130974603,1576.0262776354114
202003020CLE,1320.8262374672288,1558.8066046477645,1314.4187493549186,1565.2140927600747
202003020MIA,1546.8917576778201,1773.5531871102332,1570.0612588898832,1750.3836858981701
202003020NYK,1337.537629084116,1630.9363686016236,1347.0430249574413,1621.4309727282982
202003020ORL,1472.425082687172,1473.9954217087584,1449.3995810929187,1497.0209233030118
202003020SAS,1512.4951131923422,1549.025835764929,1504.422195052414,1557.0987539048572
202003030BOS,1658.0115956110396,1460.2959736853625,1638.4167564754239,1479.8908128209782
202003030CHO,1366.485078619413,1504.422195052414,1363.2407736486691,1507.6665000231578
202003030DEN,1612.8235657405041,1327.2787338066855,1579.9539583951132,1360.1483411520765
202003030LAL,1657.8560768490056,1551.5215955004674,1663.1331486733295,1546.2445236761434
202003030NOP,1545.6482468637648,1367.3073032300247,1531.9838116415524,1380.971738452237
202003030OKC,1608.9174702358182,1600.450984205144,1591.2626798944466,1618.1057745465157
202003030PHO,1441.4956539451841,1653.606073391742,1435.769704572136,1659.33202276479
202003030SAC,1508.9529942089364,1409.5088011006524,1512.706594670829,1405.7552006387598
202003040BRK,1479.8908128209782,1539.985783084619,1451.6960538894828,1568.1805420161145
202003040CLE,1314.4187493549186,1638.4167564754239,1311.7664760100708,1641.0690298202717
202003040DAL,1576.0262776354114,1531.9838116415524,1579.7384174450178,1528.271671831946
202003040DET,1366.5767929685965,1591.2626798944466,1361.9004571501268,1595.9390157129162
202003040MIA,1570.0612588898832,1449.3995810929187,1572.2966072176637,1447.1642327651382
202003040MIL,1750.3836858981701,1557.0987539048572,1754.6553202279879,1552.8271195750394
202003040MIN,1380.971738452237,1353.7965130974603,1386.3193781465775,1348.44887340312
202003040NYK,1347.0430249574413,1565.2140927600747,1341.8451979668646,1570.4119197506514
202003040POR,1497.0209233030118,1405.7552006387598,1504.9039028125385,1397.8722211292331
202003050CHO,1363.2407736486691,1579.9539583951132,1360.4563772765798,1582.7383547672025
202003050GSW,1360.1483411520765,1659.33202276479,1356.615626625315,1662.8647372915516
202003050HOU,1621.4309727282982,1618.1057745465157,1604.0312835969307,1635.5054636778832
202003050SAC,1512.706594670829,1546.2445236761434,1495.7459040293245,1563.205214317648
202003060BOS,1641.0690298202717,1570.4119197506514,1630.2149835214093,1581.2659660495137
202003060BRK,1451.6960538894828,1507.6665000231578,1466.159002070974,1493.2035518416665
202003060CHI,1348.44887340312,1552.8271195750394,1343.7414652468199,1557.5345277313395
202003060DAL,1579.7384174450178,1568.1805420161145,1592.836494815684,1555.0824646454482
202003060LAL,1663.1331486733295,1754.6553202279879,1674.0573360134495,1743.731132887868
202003060MIN,1386.3193781465775,1447.1642327651382,1372.678308949147,1460.8053019625686
202003060NOP,1528.271671831946,1572.2966072176637,1535.0064532178205,1565.561825831789
202003060NYK,1341.8451979668646,1595.9390157129162,1333.084237957785,1604.6999757219958
202003060PHO,1435.769704572136,1504.9039028125385,1445.7814334587656,1494.892173925909
202003060WAS,1397.8722211292331,1364.9612482781802,1402.6571510407337,1360.1763183666797
202003070CHO,1360.4563772765798,1604.0312835969307,1377.275706016114,1587.2119548573964
202003070CLE,1311.7664760100708,1582.7383547672025,1320.7480994247487,1573.7567313525246
202003070DET,1361.9004571501268,1581.2659660495137,1357.497301341778,1585.6691218578626
202003070GSW,1356.615626625315,1563.205214317648,1366.4463148737314,1553.3745260692315
202003070MEM,1555.0824646454482,1360.1763183666797,1559.0050203431597,1356.2537626689682
202003070POR,1494.892173925909,1495.7459040293245,1480.0328217105455,1510.605256244688
202003080BOS,1630.2149835214093,1604.6999757219958,1624.6598689817915,1610.2550902616135
202003080BRK,1466.159002070974,1343.7414652468199,1468.3739222025495,1341.5265451152445
202003080CLE,1320.7480994247487,1493.2035518416665,1328.566675698935,1485.3849755674803
202003080DAL,1592.836494815684,1557.5345277313395,1584.9497572038854,1565.4212653431382
202003080HOU,1587.2119548573964,1460.8053019625686,1558.5510507282147,1489.4662060917503
202003080LAC,1635.5054636778832,1674.0573360134495,1624.4100187584038,1685.1527809329289
202003080MIN,1372.678308949147,1535.0064532178205,1363.7586599310202,1543.9261022359474
202003080NYK,1333.084237957785,1357.497301341778,1342.4102560302854,1348.1712832692776
202003080PHO,1445.7814334587656,1743.731132887868,1465.1454653621063,1724.3671009845273
202003080SAC,1510.605256244688,1662.8647372915516,1505.2685470263198,1668.2014465099198
202003080WAS,1402.6571510407337,1565.561825831789,1394.6601380147144,1573.5588388578083
202003090ATL,1356.2537626689682,1377.275706016114,1361.811892637179,1371.7175760479033
202003090DEN,1573.7567313525246,1724.3671009845273,1590.495662016669,1707.6281703203829
202003090UTA,1585.6691218578626,1668.2014465099198,1576.0794898786153,1677.7910784891671
202003100CHI,1341.5265451152445,1328.566675698935,1346.3037176305838,1323.7895031835956
202003100GSW,1366.4463148737314,1624.4100187584038,1357.5814221543865,1633.2749114777487
202003100HOU,1558.5510507282147,1363.7586599310202,1560.6231649071842,1361.6865457520507
202003100IND,1565.4212653431382,1624.6598689817915,1559.4602440028987,1630.620890322031
202003100LAL,1685.1527809329289,1468.3739222025495,1675.0867354443888,1478.4399676910896
202003100MEM,1559.0050203431597,1489.4662060917503,1548.180300835366,1500.290925599544
202003100POR,1480.0328217105455,1465.1454653621063,1489.492302088118,1455.6859849845337
202003100SAS,1485.3849755674803,1584.9497572038854,1496.6464926367933,1573.6882401345724
202003100WAS,1394.6601380147144,1342.4102560302854,1399.4070765045049,1337.663317540495
202003110ATL,1361.811892637179,1337.663317540495,1352.1755289635112,1347.2996812141628
202003110DAL,1573.6882401345724,1590.495662016669,1584.59001052258,1579.5938916286614
202003110MIA,1573.5588388578083,1371.7175760479033,1551.2249615705584,1394.0514533351532
202003110PHI,1553.3745260692315,1348.1712832692776,1557.2255811261102,1344.320228212399
