,home,away,home,away,home,away,home,away,home,away,home,away
,pm_elo_prob1,pm_elo_prob1,pm_odd_prob,pm_odd_prob,pm_raptor_prob1,pm_raptor_prob1,pm_6_elo_prob1,pm_6_elo_prob1,pm_6_odd_prob,pm_6_odd_prob,pm_6_raptor_prob1,pm_6_raptor_prob1
202210180BOS,,,,,,,,,,,,
202210180GSW,,,,,,,,,,,,
202210190DET,,,,,,,,,,,,
202210190IND,,,,,,,,,,,,
202210190ATL,,,,,,,,,,,,
202210190BRK,,,,,,,,,,,,
202210190MEM,,,,,,,,,,,,
202210190MIA,,,,,,,,,,,,
202210190TOR,,,,,,,,,,,,
202210190MIN,,,,,,,,,,,,
202210190SAS,,,,,,,,,,,,
202210190UTA,,,,,,,,,,,,
202210190PHO,,,,,,,,,,,,
202210190SAC,,,,,,,,,,,,
202210200PHI,-0.2670503207830358,,-0.42536611246471545,,-0.32938772803952,,,,,,,
202210200LAL,-0.13798863944405726,,-0.27632683869618424,,-0.22349779660681002,,,,,,,
202210210CHO,0.5890736856029641,0.6317667943371347,0.49116742612175335,0.5706804791322841,0.555666719043586,0.665556034817078,,,,,,
202210210IND,-0.5842751356684089,-0.5890736856029641,-0.43882900247970497,-0.4911674261217533,-0.599509667013901,-0.555666719043586,,,,,,
202210210WAS,0.5842751356684089,0.8259104491351971,0.438829002479705,0.7247410076926697,0.599509667013901,0.792030746440918,,,,,,
202210210ATL,0.16297798156116072,-0.32440958214935955,0.19332241846144638,-0.41892628277937816,0.082349130922584,-0.436730380847583,,,,,,
202210210BRK,-0.6317667943371347,0.27880234137369364,-0.5706804791322841,0.43957387083960875,-0.665556034817078,0.3358527068189,,,,,,
202210210MIA,-0.8259104491351971,0.2670503207830358,-0.7247410076926697,0.42536611246471545,-0.792030746440918,0.32938772803952,,,,,,
202210210NYK,-0.25676356649670706,0.32440958214935955,-0.3761729634842259,0.41892628277937816,-0.308149219962603,0.436730380847583,,,,,,
202210210HOU,-0.16297798156116072,0.25676356649670706,-0.19332241846144638,0.3761729634842259,-0.082349130922584,0.308149219962603,,,,,,
202210210MIN,0.1693566487724032,0.3252189209181058,0.17307252298842946,0.6939310156953893,0.11485013698434698,0.539289111326287,,,,,,
202210210GSW,0.13798863944405726,-0.3252189209181058,0.27632683869618424,-0.6939310156953893,0.22349779660681002,-0.539289111326287,,,,,,
202210210POR,0.7571003688361516,0.3757939677053107,0.5814614733105816,0.3829816100225598,0.530336219476107,0.39304993308970804,,,,,,
202210220PHI,-0.8985275403635573,-0.054575843988004635,-1.0396103343438516,0.0379806523802555,-0.988399318067566,0.07728142144934103,,,,,,
202210220IND,-1.1187729772833683,0.10516736956943473,-0.9679770809817136,0.13304601964811114,-1.232457807506828,0.29127134495889595,,,,,,
202210220ORL,-0.49412799836554755,0.8195505111445369,-0.6565771479194091,0.8794698860853503,-0.545169302758636,0.8702381559794938,,,,,,
202210220CHI,0.44418049421367,-0.27880234137369364,0.2661509327377479,-0.43957387083960875,0.34997370277039797,-0.3358527068189,,,,,,
202210220MIA,-1.3784106394966982,-0.1521515200760435,-1.1788447813133045,0.007628191366098935,-1.332881174380892,-0.10540254745083,,,,,,
202210220MIL,0.6314772195805215,-0.44876152343923215,0.6142442218791362,-0.48535651541970315,0.659011590028046,-0.293923721963742,,,,,,
202210220DAL,-0.3757939677053107,0.5425471083747784,-0.3829816100225598,0.6682070604424828,-0.39304993308970804,0.519723811003761,,,,,,
202210220DEN,0.48175056131502136,-0.1693566487724032,-0.03689021149339622,-0.17307252298842946,0.07025791851195806,-0.11485013698434698,,,,,,
202210220SAC,-0.7571003688361516,0.5286312063078279,-0.5814614733105816,0.3667794907980071,-0.530336219476107,0.38672496452826,,,,,,
202210230LAL,-0.6666198457518852,1.4731652191178568,-0.6431063294941914,1.2255888263438242,-0.61022276113507,1.117988695212583,,,,,,
202210230ATL,0.3326963977773487,-0.042941581134347206,0.43097328360147724,0.18713412765074167,0.19078805283363698,0.10918919373537506,,,,,,
202210230CLE,0.33095180969342475,0.966005090589936,0.034991369593649124,0.8974190774346269,0.18113298153342705,1.041566710684421,,,,,,
202210230NOP,1.2637820610744461,0.9422800824284954,0.8747137776032958,1.4371517555020872,1.112033560125289,1.2736075166969338,,,,,,
202210230OKC,-0.3476794178887258,-0.44770451273798617,-0.41209638341595256,-0.5701482168182683,-0.23745739521689602,-0.6194682683863,,,,,,
202210230GSW,-0.66898084278907,-1.2146404884090014,-0.3807139655058087,-1.0254247318458238,-0.3860492332314349,-0.988037948020741,,,,,,
202210230LAC,0.9861713258806777,-0.3402708825763945,0.8107427493332493,-0.2611457430106827,0.8444266930728941,-0.19460254264676813,,,,,,
202210240PHI,-1.6584060721344103,-0.7488075338974995,-1.909751372021749,-0.4835785270820443,-1.843057274121115,-0.9672353529411661,,,,,,
202210240MIA,-1.0674708556409866,-0.4630913039317548,-0.7696545775562273,-0.4015620123909782,-0.9890879451538439,-0.449195776677878,,,,,,
202210240NYK,-0.03752135391678224,-0.7216998681156006,-0.090292700352959,-0.894565744528443,-0.1626901840739161,-0.6908659365936629,,,,,,
202210240CHI,-0.16557365685344827,1.04712238089459,-0.20841430769550984,1.117458482694384,-0.16701198558192898,1.0159347898145208,,,,,,
202210240HOU,-0.5684804525228616,1.5856806550928924,-0.6107975804247718,2.1797323678605163,-0.38407746471145504,1.9228541941022659,,,,,,
202210240MEM,0.16258587429280924,-0.20081293288739754,0.3272657723815442,-0.13873479965877422,0.2365979777483389,-0.22430078054734803,,,,,,
202210240MIN,-0.05091288240169778,0.7053026877828481,-0.35492627485365436,0.9081216900581528,-0.43290589293110093,0.9319393775028901,,,,,,
202210240POR,2.2245873683489306,0.660073330431344,1.8387586046611513,0.20213364893412678,1.684368839352593,0.1928651767445071,,,,,,
202210250WAS,0.6831159174081645,-0.26479807381643417,0.4902112237272229,-0.3513525342515582,0.6322450657940659,0.026048890393233992,,,,,,
202210250NOP,0.6203814884100494,0.0041672663766584295,0.13213316524486673,-0.04204032196162144,0.46278688271995705,-0.10992409983428608,,,,,,
202210250OKC,-0.7444710482250141,0.41700047347100844,-0.6273183253805665,0.33622476721131456,-0.424019770672095,0.3392882150714551,,,,,,
202210250PHO,0.22889996983327476,-0.5544228239930891,0.21337223911125203,-0.17999101924359362,0.31053593535467083,-0.20364300006227287,,,,,,
202210260CLE,0.6138409828751963,-0.8975419370284253,0.442199223301053,-1.1731523843122411,0.590454626423782,-0.8242355099939609,,,,,,
202210260DET,-0.5436597191499302,-0.3131689522188772,-0.6904626812339814,-0.35875513271978354,-0.2061811290387201,-0.6476167147922718,,,,,,
202210260MIL,0.751196148664151,-0.4600202435867744,0.739685286884205,-0.6224753412210768,0.749165332775759,-0.62854544546235,,,,,,
202210260NYK,0.1383207149960426,0.6029237688618787,0.18829393943083916,0.9768625439720022,-0.02932061067361813,0.947593961361284,,,,,,
202210260TOR,0.23363788361861104,-1.4788870843247865,0.19789911092231804,-1.7634870063421602,0.20225630562005503,-1.65815088878005,,,,,,
202210260CHI,0.5273942709471664,-0.928326521707123,0.44775062557106615,-0.6298428927616331,0.5221564218672681,-1.1521417382822312,,,,,,
202210260MIN,-0.7586384607049106,1.413028266086061,-1.1083773216333719,1.6615727368378703,-1.1821882857711197,1.681221770342909,,,,,,
202210260UTA,0.8986596380035881,0.11854056456644291,1.6266470879706454,-0.05771230053490095,1.2092190872713509,0.3295576421194599,,,,,,
202210260DEN,0.042065387897529005,-1.4180419949829588,-0.4392981208153399,-1.2562761078115183,-0.4565882412035638,-1.1766029052750802,,,,,,
202210260POR,2.8425953108827455,-1.7642000431913525,2.480190374410618,-1.3691157008695236,2.333822257300664,-1.640540027451777,,,,,,
202210270BRK,-0.7123426898678562,-0.42099354623612495,-1.0450425535874435,-0.6938888350345034,-1.0116283922133809,-0.635779466958698,,,,,,
202210270OKC,-0.15756753870537787,-0.16990303604862778,0.02986794898728662,-0.3209615071565386,0.159369061807624,-0.2441006174082636,,,,,,
202210270GSW,-0.9820087863831639,-1.410923097542673,-0.6478078986031881,-0.930255891261027,-0.5652206869337539,-1.201846037368263,,,,,,
202210270SAC,-1.3291985072049823,0.4217931849921861,-1.2261476781080387,0.8110063139438468,-1.170444181189903,0.6408426426633409,,,,,,
202210280DET,-0.9790433599162058,0.12221468854739825,-0.9682667377330829,-0.08095107622068198,-0.43904624723642516,-0.4147515965945665,,,,,,
202210280ORL,-1.0739169186331328,0.20379678118465572,-1.4099956133049067,0.6999303892450559,-1.0000085452826428,0.730776244213714,,,,,,
202210280BOS,0.3541544530939751,0.7902159644799038,0.4612935494278081,0.6790424522937188,0.3267663823653235,0.7662276617124641,,,,,,
202210280TOR,0.5871155333740261,-1.8323647340802016,0.7024493481020104,-2.268037243521852,0.6035019252613498,-2.059396508421345,,,,,,
202210280WAS,0.9619775627416605,-1.1997966572096748,0.8293213707096463,-0.9222168042955454,0.8644750852260197,-1.485495085032202,,,,,,
202210280MIL,1.0035185949452328,0.5374477026732656,1.1622524992505716,0.4652260941577855,1.13224827952679,0.1874971064739519,,,,,,
202210280MIN,-0.4276048421757519,-1.6764165327855705,-0.8945474190882061,-1.619940750169886,-0.9788883996990285,-1.4041334420096012,,,,,,
202210280SAS,1.0819946475569022,0.7988644064497183,1.4477428342927048,0.7401245371049785,1.4779218842708182,0.8555097686172388,,,,,,
202210280DEN,0.30043992570014044,1.04048759099443,-0.0756334784569721,1.8788623723815543,-0.22905770446904272,1.3205345519942937,,,,,,
202210280PHO,0.6564859322233496,1.0455423010228326,0.6811891184708467,0.7839816783177485,0.6721136222261519,0.9886422498443692,,,,,,
202210280POR,2.489318365234066,-0.023287388424399147,2.0413305648021214,-0.30992758494580985,1.8951282672171499,0.21824217739651697,,,,,,
202210290SAC,-1.6836624434723388,-1.7149323324091417,-1.6580878785028896,-1.2665647327077432,-1.5929228329227239,-1.5582289690883107,,-1.3603079029026748,,-1.0398627819000825,,-1.2524358166473342
202210290CHO,-0.4407092417094658,-0.6779995515166952,0.17483999168951803,-0.31149905715647197,0.16928461409316298,-0.20883775521370573,,,,,,
202210290BRK,-1.1947400345419323,-0.4642007588855779,-1.4787722123288094,-0.28533471840012536,-1.5149573729983588,-0.8734056137986848,,-0.840696597441942,,-0.6212965043334612,,-1.0517075440958354
202210290CHI,0.4822684227051095,-1.1682439024442592,0.12833745761635829,-1.6647645611044126,0.3612102147218499,-1.3681744436539232,0.48550739776623547,-1.2172466090217084,0.3497817088378851,-1.5118361049664568,0.45231147813929057,-1.37442769351392
202210290MIL,1.2812503271733564,0.5409396887731792,1.491064064098524,0.24436330324592914,1.4508939293033492,-0.1310456634670496,,,,,,
202210290DAL,0.06140379843795141,0.38444538867742173,-0.26015917629313723,0.7323497499721916,-0.1324504861737199,0.8078948591744681,,,,,,
202210290UTA,0.6020344282061791,0.7762571212595426,1.601014283103309,1.2429465143386977,1.0761585179883308,1.0633212943961619,0.8990602192739484,,1.5695564804189168,,1.2236104965632437,
202210300LAC,-0.7119159634314274,0.7440400953855466,-1.0234433081414434,0.5202823081410264,-0.8926264147751075,0.7404683210001473,,,,,,
202210300BOS,-0.43294697721499187,0.22638166441756358,-0.24512242204119605,0.19243928481422623,-0.49222805804923153,0.2523856139925025,,,,,,
202210300CLE,1.5773173947888708,0.25971597044514194,1.385458423762723,0.1364145293098331,1.5852221021270192,-0.13114854330260695,,,,,,
202210300DET,-1.3977683601419866,-1.1918290673949548,-1.293581117199694,-1.110209245804251,-0.7227521803639423,-0.9257248795202226,-0.45928209355096045,-0.6562087387721526,-0.4586151279984712,-0.39231572460285485,-0.1023214900732291,-0.34432962639243003
202210300SAS,1.398590631301511,-0.20360630925001555,2.0595299137813248,-0.6316601657454584,1.972221438166207,-0.8173127255680566,0.6592111171893923,-0.28651839308299315,0.9372967335380924,-0.5644311458584216,0.9308198621147632,-0.6526522392285431
202210300DAL,-0.8140198230565452,-0.42941089573901103,-1.0667852981654589,-0.8849052157493689,-0.9987218383311989,-0.4385169151620918,,-0.6568512000051795,,-0.9063537314322913,,-0.6559210984397629
202210300PHO,0.9579881378606361,-0.3687223044555261,0.9448884886475684,-0.6916722829907118,0.9202875510703739,-0.05261293248017407,,-0.2422815143061228,,-0.3914647804628906,,-0.044193905093663034
202210300LAL,-1.9004150657113072,0.7388930884883913,-1.8828280035126335,0.20221461082127323,-1.5657091161405732,0.015318329536920139,,0.31633389548572005,,-0.1402340944509496,,-0.15774893870091802
202210310CHO,0.0731202741687933,-1.0456222421147099,,,0.8861717383996801,-0.9700120044969689,0.16421061449574648,,,,0.5664470784744671,
202210310WAS,0.07020309828340032,-0.692171513429205,,,0.09427464975434763,-0.9458366115628394,0.5819930781848556,-1.2881001411294033,,,0.5807427987442096,-1.47716917410114
202210310BRK,-1.9515010281219598,0.2925602346944496,,,-2.318143056034784,-0.07021993076225996,-0.8585306205571758,-0.6945573690481323,,,-1.0605218470122166,-0.9634925880538953
202210310TOR,-0.07700529826191627,0.2594522915958364,,,-0.08772013950607205,-0.5093668974759602,0.0678846060161027,0.18418534933934103,,,0.08321541234425413,-0.2382739480956045
202210310MIL,1.5627377243506992,-0.6635260818387896,,,1.8292151633122602,-0.045599598984871204,,-0.6239380375489852,,,,-0.18270982004530478
202210310UTA,1.0303540998969898,0.34793744956873196,,,1.6391577269134157,0.500322085471077,1.0165827491037625,0.41798071749745924,,,1.4069219324944318,0.5448261718742138
202210310LAC,-1.244634775552428,-0.4682698096684459,,,-1.4390895555586174,-0.14960916053614293,-0.03244179489549485,-0.293163485657337,,,-0.16756278584489656,-0.05540391002925619
202211010BRK,,,,,,,,,,,,
202211010MIA,,,,,,,,,,,,
202211010OKC,,,,,,,,,,,,
202211010PHO,,,,,,,,,,,,
202211020CLE,,,,,,,,,,,,
202211020PHI,,,,,,,,,,,,
202211020CHI,,,,,,,,,,,,
202211020MIA,,,,,,,,,,,,
202211020NYK,,,,,,,,,,,,
202211020HOU,,,,,,,,,,,,
202211020MIL,,,,,,,,,,,,
202211020SAS,,,,,,,,,,,,
202211020DAL,,,,,,,,,,,,
202211020POR,,,,,,,,,,,,
202211020LAL,,,,,,,,,,,,
202211030ORL,,,,,,,,,,,,
202211030OKC,,,,,,,,,,,,
202211040DET,,,,,,,,,,,,
202211040IND,,,,,,,,,,,,
202211040PHI,,,,,,,,,,,,
202211040WAS,,,,,,,,,,,,
202211040BOS,,,,,,,,,,,,
202211040MEM,,,,,,,,,,,,
202211040SAS,,,,,,,,,,,,
202211040DAL,,,,,,,,,,,,
202211040NOP,,,,,,,,,,,,
202211040MIN,,,,,,,,,,,,
202211040PHO,,,,,,,,,,,,
202211040LAL,,,,,,,,,,,,
202211050ORL,,,,,,,,,,,,
202211050CHO,,,,,,,,,,,,
202211050ATL,,,,,,,,,,,,
202211050NYK,,,,,,,,,,,,
202211050MIL,,,,,,,,,,,,
202211050MIN,,,,,,,,,,,,
202211050DEN,,,,,,,,,,,,
202211050PHO,,,,,,,,,,,,
202211060LAL,,,,,,,,,,,,
202211060MEM,,,,,,,,,,,,
202211060TOR,,,,,,,,,,,,
202211060LAC,,,,,,,,,,,,
202211070CHO,,,,,,,,,,,,
202211070ORL,,,,,,,,,,,,
202211070DET,,,,,,,,,,,,
202211070IND,,,,,,,,,,,,
202211070PHI,,,,,,,,,,,,
202211070ATL,,,,,,,,,,,,
202211070MIA,,,,,,,,,,,,
202211070CHI,,,,,,,,,,,,
202211070MEM,,,,,,,,,,,,
202211070MIN,,,,,,,,,,,,
202211070SAS,,,,,,,,,,,,
202211070DAL,,,,,,,,,,,,
202211070GSW,,,,,,,,,,,,
202211070UTA,,,,,,,,,,,,
202211070LAC,,,,,,,,,,,,
202211090CHO,,,,,,,,,,,,
202211090IND,,,,,,,,,,,,
202211090ORL,,,,,,,,,,,,
202211090ATL,,,,,,,,,,,,
202211090BOS,,,,,,,,,,,,
202211090BRK,,,,,,,,,,,,
202211090TOR,,,,,,,,,,,,
202211090CHI,,,,,,,,,,,,
202211090MIN,,,,,,,,,,,,
202211090OKC,,,,,,,,,,,,
202211090SAS,,,,,,,,,,,,
202211090LAC,,,,,,,,,,,,
202211090SAC,,,,,,,,,,,,
202211100WAS,,,,,,,,,,,,
202211100ATL,,,,,,,,,,,,
202211100MIA,,,,,,,,,,,,
202211100NOP,,,,,,,,,,,,
202211110BOS,,,,,,,,,,,,
202211110ORL,,,,,,,,,,,,
202211110NYK,,,,,,,,,,,,
202211110OKC,,,,,,,,,,,,
202211110SAS,,,,,,,,,,,,
202211110MEM,,,,,,,,,,,,
202211110GSW,,,,,,,,,,,,
202211110LAL,,,,,,,,,,,,
202211120LAC,,,,,,,,,,,,
202211120WAS,,,,,,,,,,,,
202211120DET,,,,,,,,,,,,
202211120IND,,,,,,,,,,,,
202211120PHI,,,,,,,,,,,,
202211120MIA,,,,,,,,,,,,
202211120DAL,,,,,,,,,,,,
202211120NOP,,,,,,,,,,,,
202211130NYK,,,,,,,,,,,,
202211130CLE,,,,,,,,,,,,
202211130WAS,,,,,,,,,,,,
202211130PHI,,,,,,,,,,,,
202211130CHI,,,,,,,,,,,,
202211130SAC,,,,,,,,,,,,
202211130LAL,,,,,,,,,,,,
202211140DET,,,,,,,,,,,,
202211140ORL,,,,,,,,,,,,
202211140BOS,,,,,,,,,,,,
202211140MIA,,,,,,,,,,,,
202211140HOU,,,,,,,,,,,,
202211140MIL,,,,,,,,,,,,
202211140GSW,,,,,,,,,,,,
202211150NOP,,,,,,,,,,,,
202211150DAL,,,,,,,,,,,,
202211150POR,,,,,,,,,,,,
202211150SAC,,,,,,,,,,,,
202211150UTA,,,,,,,,,,,,
202211160CHO,,,,,,,,,,,,
202211160ORL,,,,,,,,,,,,
202211160WAS,,,,,,,,,,,,
202211160ATL,,,,,,,,,,,,
202211160TOR,,,,,,,,,,,,
202211160MIL,,,,,,,,,,,,
202211160NOP,,,,,,,,,,,,
202211160DAL,,,,,,,,,,,,
202211160DEN,,,,,,,,,,,,
202211160PHO,,,,,,,,,,,,
202211170POR,,,,,,,,,,,,
202211170SAC,,,,,,,,,,,,
202211170LAC,,,,,,,,,,,,
202211180WAS,,,,,,,,,,,,
202211180CLE,,,,,,,,,,,,
202211180PHI,,,,,,,,,,,,
202211180CHI,,,,,,,,,,,,
202211180HOU,,,,,,,,,,,,
202211180MEM,,,,,,,,,,,,
202211180DAL,,,,,,,,,,,,
202211180NOP,,,,,,,,,,,,
202211180UTA,,,,,,,,,,,,
202211180GSW,,,,,,,,,,,,
202211180LAL,,,,,,,,,,,,
202211190ATL,,,,,,,,,,,,
202211190IND,,,,,,,,,,,,
202211190PHI,,,,,,,,,,,,
202211190POR,,,,,,,,,,,,
202211190LAC,,,,,,,,,,,,
202211200PHO,,,,,,,,,,,,
202211200SAC,,,,,,,,,,,,
202211200WAS,,,,,,,,,,,,
202211200BRK,,,,,,,,,,,,
202211200CLE,,,,,,,,,,,,
202211200HOU,,,,,,,,,,,,
202211200DAL,,,,,,,,,,,,
202211200LAL,,,,,,,,,,,,
202211210CLE,,,,,,,,,,,,
202211210IND,,,,,,,,,,,,
202211210CHI,,,,,,,,,,,,
202211210MIL,,,,,,,,,,,,
202211210MIN,,,,,,,,,,,,
202211210NOP,,,,,,,,,,,,
202211210OKC,,,,,,,,,,,,
202211210LAC,,,,,,,,,,,,
202211220PHI,,,,,,,,,,,,
202211220MEM,,,,,,,,,,,,
202211220DEN,,,,,,,,,,,,
202211220PHO,,,,,,,,,,,,
202211230CHO,,,,,,,,,,,,
202211230CLE,,,,,,,,,,,,
202211230IND,,,,,,,,,,,,
202211230ATL,,,,,,,,,,,,
202211230BOS,,,,,,,,,,,,
202211230MIA,,,,,,,,,,,,
202211230TOR,,,,,,,,,,,,
202211230MIL,,,,,,,,,,,,
202211230OKC,,,,,,,,,,,,
202211230SAS,,,,,,,,,,,,
202211230UTA,,,,,,,,,,,,
202211230GSW,,,,,,,,,,,,
202211250CHO,,,,,,,,,,,,
202211250ORL,,,,,,,,,,,,
202211250NYK,,,,,,,,,,,,
202211250BOS,,,,,,,,,,,,
202211250HOU,,,,,,,,,,,,
202211250IND,,,,,,,,,,,,
202211250MEM,,,,,,,,,,,,
202211250MIA,,,,,,,,,,,,
202211250MIL,,,,,,,,,,,,
202211250OKC,,,,,,,,,,,,
202211250SAS,,,,,,,,,,,,
202211250PHO,,,,,,,,,,,,
202211250GSW,,,,,,,,,,,,
202211250LAC,,,,,,,,,,,,
202211260TOR,,,,,,,,,,,,
202211260HOU,,,,,,,,,,,,
202211260SAS,,,,,,,,,,,,
202211260PHO,,,,,,,,,,,,
202211270BRK,,,,,,,,,,,,
202211270MIN,,,,,,,,,,,,
202211270LAC,,,,,,,,,,,,
202211270ATL,,,,,,,,,,,,
202211270BOS,,,,,,,,,,,,
202211270DET,,,,,,,,,,,,
202211270NYK,,,,,,,,,,,,
202211270ORL,,,,,,,,,,,,
202211270MIL,,,,,,,,,,,,
202211280PHI,,,,,,,,,,,,
202211280WAS,,,,,,,,,,,,
202211280BOS,,,,,,,,,,,,
202211280BRK,,,,,,,,,,,,
202211280TOR,,,,,,,,,,,,
202211280NOP,,,,,,,,,,,,
202211280DEN,,,,,,,,,,,,
202211280UTA,,,,,,,,,,,,
202211280SAC,,,,,,,,,,,,
202211280LAL,,,,,,,,,,,,
202211290DET,,,,,,,,,,,,
202211290DAL,,,,,,,,,,,,
202211290POR,,,,,,,,,,,,
202211300CLE,,,,,,,,,,,,
202211300ORL,,,,,,,,,,,,
202211300BOS,,,,,,,,,,,,
202211300BRK,,,,,,,,,,,,
202211300NYK,,,,,,,,,,,,
202211300MIN,,,,,,,,,,,,
202211300NOP,,,,,,,,,,,,
202211300OKC,,,,,,,,,,,,
202211300DEN,,,,,,,,,,,,
202211300PHO,,,,,,,,,,,,
202211300UTA,,,,,,,,,,,,
202211300SAC,,,,,,,,,,,,
202211300LAL,,,,,,,,,,,,
202212010DET,,,,,,,,,,,,
202212020CHO,,,,,,,,,,,,
202212020ATL,,,,,,,,,,,,
202212020BOS,,,,,,,,,,,,
202212020BRK,,,,,,,,,,,,
202212020CLE,,,,,,,,,,,,
202212020MIL,,,,,,,,,,,,
202212020MEM,,,,,,,,,,,,
202212020SAS,,,,,,,,,,,,
202212020PHO,,,,,,,,,,,,
202212020UTA,,,,,,,,,,,,
202212020GSW,,,,,,,,,,,,
202212030NYK,,,,,,,,,,,,
202212030LAC,,,,,,,,,,,,
202212030CHO,,,,,,,,,,,,
202212030MIN,,,,,,,,,,,,
202212030TOR,,,,,,,,,,,,
202212030GSW,,,,,,,,,,,,
202212030UTA,,,,,,,,,,,,
202212040NOP,,,,,,,,,,,,
202212040SAS,,,,,,,,,,,,
202212040BRK,,,,,,,,,,,,
202212040DET,,,,,,,,,,,,
202212040NYK,,,,,,,,,,,,
202212040SAC,,,,,,,,,,,,
202212040WAS,,,,,,,,,,,,
202212040POR,,,,,,,,,,,,
202212050CHO,,,,,,,,,,,,
202212050ORL,,,,,,,,,,,,
202212050ATL,,,,,,,,,,,,
202212050TOR,,,,,,,,,,,,
202212050HOU,,,,,,,,,,,,
202212050MEM,,,,,,,,,,,,
202212050DAL,,,,,,,,,,,,
202212050GSW,,,,,,,,,,,,
202212060CLE,,,,,,,,,,,,
202212060MIA,,,,,,,,,,,,
202212060DEN,,,,,,,,,,,,
202212070ORL,,,,,,,,,,,,
202212070BRK,,,,,,,,,,,,
202212070NYK,,,,,,,,,,,,
202212070TOR,,,,,,,,,,,,
202212070CHI,,,,,,,,,,,,
202212070MEM,,,,,,,,,,,,
202212070MIL,,,,,,,,,,,,
202212070MIN,,,,,,,,,,,,
202212070NOP,,,,,,,,,,,,
202212070UTA,,,,,,,,,,,,
202212070PHO,,,,,,,,,,,,
202212080MIA,,,,,,,,,,,,
202212080SAS,,,,,,,,,,,,
202212080POR,,,,,,,,,,,,
202212090CHO,,,,,,,,,,,,
202212090IND,,,,,,,,,,,,
202212090ORL,,,,,,,,,,,,
202212090BRK,,,,,,,,,,,,
202212090CLE,,,,,,,,,,,,
202212090PHI,,,,,,,,,,,,
202212090MEM,,,,,,,,,,,,
202212090NOP,,,,,,,,,,,,
202212090UTA,,,,,,,,,,,,
202212090DAL,,,,,,,,,,,,
202212100MIA,,,,,,,,,,,,
202212100IND,,,,,,,,,,,,
202212100WAS,,,,,,,,,,,,
202212100CLE,,,,,,,,,,,,
202212100CHI,,,,,,,,,,,,
202212100GSW,,,,,,,,,,,,
202212100DEN,,,,,,,,,,,,
202212100POR,,,,,,,,,,,,
202212110NOP,,,,,,,,,,,,
202212110DET,,,,,,,,,,,,
202212110NYK,,,,,,,,,,,,
202212110ORL,,,,,,,,,,,,
202212110PHI,,,,,,,,,,,,
202212110ATL,,,,,,,,,,,,
202212110HOU,,,,,,,,,,,,
202212120IND,,,,,,,,,,,,
202212120WAS,,,,,,,,,,,,
202212120MEM,,,,,,,,,,,,
202212120DAL,,,,,,,,,,,,
202212120SAS,,,,,,,,,,,,
202212120POR,,,,,,,,,,,,
202212120LAC,,,,,,,,,,,,
202212130PHI,,,,,,,,,,,,
202212130MIL,,,,,,,,,,,,
202212130HOU,,,,,,,,,,,,
202212130UTA,,,,,,,,,,,,
202212130LAL,,,,,,,,,,,,
202212140CHO,,,,,,,,,,,,
202212140IND,,,,,,,,,,,,
202212140ORL,,,,,,,,,,,,
202212140CHI,,,,,,,,,,,,
202212140TOR,,,,,,,,,,,,
202212140OKC,,,,,,,,,,,,
202212140SAS,,,,,,,,,,,,
202212140DAL,,,,,,,,,,,,
202212140DEN,,,,,,,,,,,,
202212140LAC,,,,,,,,,,,,
202212150HOU,,,,,,,,,,,,
202212150MEM,,,,,,,,,,,,
202212150UTA,,,,,,,,,,,,
202212150LAC,,,,,,,,,,,,
202212160CHO,,,,,,,,,,,,
202212160DET,,,,,,,,,,,,
202212160BOS,,,,,,,,,,,,
202212160CLE,,,,,,,,,,,,
202212160PHI,,,,,,,,,,,,
202212160TOR,,,,,,,,,,,,
202212160CHI,,,,,,,,,,,,
202212160OKC,,,,,,,,,,,,
202212160DAL,,,,,,,,,,,,
202212160LAL,,,,,,,,,,,,
202212170LAC,,,,,,,,,,,,
202212170SAS,,,,,,,,,,,,
202212170CLE,,,,,,,,,,,,
202212170HOU,,,,,,,,,,,,
202212170MIL,,,,,,,,,,,,
202212170OKC,,,,,,,,,,,,
202212170PHO,,,,,,,,,,,,
202212180BOS,,,,,,,,,,,,
202212180IND,,,,,,,,,,,,
202212180DET,,,,,,,,,,,,
202212180TOR,,,,,,,,,,,,
202212180MIN,,,,,,,,,,,,
202212180DEN,,,,,,,,,,,,
202212180LAL,,,,,,,,,,,,
202212190CLE,,,,,,,,,,,,
202212190PHI,,,,,,,,,,,,
202212190ATL,,,,,,,,,,,,
202212190HOU,,,,,,,,,,,,
202212190MIN,,,,,,,,,,,,
202212190NOP,,,,,,,,,,,,
202212190OKC,,,,,,,,,,,,
202212190PHO,,,,,,,,,,,,
202212190SAC,,,,,,,,,,,,
202212200DET,,,,,,,,,,,,
202212200MIA,,,,,,,,,,,,
202212200NYK,,,,,,,,,,,,
202212200PHO,,,,,,,,,,,,
202212200DEN,,,,,,,,,,,,
202212210CLE,,,,,,,,,,,,
202212210PHI,,,,,,,,,,,,
202212210ATL,,,,,,,,,,,,
202212210BOS,,,,,,,,,,,,
202212210BRK,,,,,,,,,,,,
202212210NYK,,,,,,,,,,,,
202212210HOU,,,,,,,,,,,,
202212210MIN,,,,,,,,,,,,
202212210OKC,,,,,,,,,,,,
202212210SAC,,,,,,,,,,,,
202212210LAC,,,,,,,,,,,,
202212220NOP,,,,,,,,,,,,
202212220UTA,,,,,,,,,,,,
202212230ORL,,,,,,,,,,,,
202212230PHI,,,,,,,,,,,,
202212230ATL,,,,,,,,,,,,
202212230BOS,,,,,,,,,,,,
202212230BRK,,,,,,,,,,,,
202212230CLE,,,,,,,,,,,,
202212230NYK,,,,,,,,,,,,
202212230HOU,,,,,,,,,,,,
202212230MIA,,,,,,,,,,,,
202212230OKC,,,,,,,,,,,,
202212230DEN,,,,,,,,,,,,
202212230PHO,,,,,,,,,,,,
202212230SAC,,,,,,,,,,,,
202212230LAL,,,,,,,,,,,,
202212250NYK,,,,,,,,,,,,
202212250DAL,,,,,,,,,,,,
202212250BOS,,,,,,,,,,,,
202212250GSW,,,,,,,,,,,,
202212250DEN,,,,,,,,,,,,
202212260CLE,,,,,,,,,,,,
202212260DET,,,,,,,,,,,,
202212260MIA,,,,,,,,,,,,
202212260CHI,,,,,,,,,,,,
202212260NOP,,,,,,,,,,,,
202212260SAS,,,,,,,,,,,,
202212260POR,,,,,,,,,,,,
202212270ORL,,,,,,,,,,,,
202212270WAS,,,,,,,,,,,,
202212270BOS,,,,,,,,,,,,
202212270IND,,,,,,,,,,,,
202212270TOR,,,,,,,,,,,,
202212270MEM,,,,,,,,,,,,
202212270OKC,,,,,,,,,,,,
202212270DAL,,,,,,,,,,,,
202212270GSW,,,,,,,,,,,,
202212270SAC,,,,,,,,,,,,
202212280DET,,,,,,,,,,,,
202212280WAS,,,,,,,,,,,,
202212280ATL,,,,,,,,,,,,
202212280MIA,,,,,,,,,,,,
202212280CHI,,,,,,,,,,,,
202212280NOP,,,,,,,,,,,,
202212280GSW,,,,,,,,,,,,
202212280SAC,,,,,,,,,,,,
202212290CHO,,,,,,,,,,,,
202212290IND,,,,,,,,,,,,
202212290BOS,,,,,,,,,,,,
202212290TOR,,,,,,,,,,,,
202212290SAS,,,,,,,,,,,,
202212290DAL,,,,,,,,,,,,
202212300ORL,,,,,,,,,,,,
202212300ATL,,,,,,,,,,,,
202212300TOR,,,,,,,,,,,,
202212300CHI,,,,,,,,,,,,
202212300MIL,,,,,,,,,,,,
202212300NOP,,,,,,,,,,,,
202212300DEN,,,,,,,,,,,,
202212300GSW,,,,,,,,,,,,
202212300SAC,,,,,,,,,,,,
202212310IND,,,,,,,,,,,,
202212310CHI,,,,,,,,,,,,
202212310CHO,,,,,,,,,,,,
202212310HOU,,,,,,,,,,,,
202212310SAS,,,,,,,,,,,,
202212310MEM,,,,,,,,,,,,
202212310MIN,,,,,,,,,,,,
202212310OKC,,,,,,,,,,,,
202212310UTA,,,,,,,,,,,,
202301010DEN,,,,,,,,,,,,
202301010MEM,,,,,,,,,,,,
202301010MIL,,,,,,,,,,,,
202301020NYK,,,,,,,,,,,,
202301020CHO,,,,,,,,,,,,
202301020CLE,,,,,,,,,,,,
202301020IND,,,,,,,,,,,,
202301020PHI,,,,,,,,,,,,
202301020BRK,,,,,,,,,,,,
202301020HOU,,,,,,,,,,,,
202301020MIN,,,,,,,,,,,,
202301020GSW,,,,,,,,,,,,
202301020POR,,,,,,,,,,,,
202301020LAC,,,,,,,,,,,,
202301030MIL,,,,,,,,,,,,
202301030OKC,,,,,,,,,,,,
202301030UTA,,,,,,,,,,,,
202301040CHO,,,,,,,,,,,,
202301040CLE,,,,,,,,,,,,
202301040ORL,,,,,,,,,,,,
202301040PHI,,,,,,,,,,,,
202301040NYK,,,,,,,,,,,,
202301040TOR,,,,,,,,,,,,
202301040CHI,,,,,,,,,,,,
202301040MIN,,,,,,,,,,,,
202301040NOP,,,,,,,,,,,,
202301040GSW,,,,,,,,,,,,
202301040LAL,,,,,,,,,,,,
202301040SAC,,,,,,,,,,,,
202301050ORL,,,,,,,,,,,,
202301050DAL,,,,,,,,,,,,
202301050HOU,,,,,,,,,,,,
202301050DEN,,,,,,,,,,,,
202301060IND,,,,,,,,,,,,
202301060PHI,,,,,,,,,,,,
202301060TOR,,,,,,,,,,,,
202301060MIL,,,,,,,,,,,,
202301060OKC,,,,,,,,,,,,
202301060SAS,,,,,,,,,,,,
202301060NOP,,,,,,,,,,,,
202301060DEN,,,,,,,,,,,,
202301060MIN,,,,,,,,,,,,
202301060PHO,,,,,,,,,,,,
202301060LAL,,,,,,,,,,,,
202301070SAS,,,,,,,,,,,,
202301070CHI,,,,,,,,,,,,
202301070DAL,,,,,,,,,,,,
202301070GSW,,,,,,,,,,,,
202301070SAC,,,,,,,,,,,,
202301080DET,,,,,,,,,,,,
202301080TOR,,,,,,,,,,,,
202301080IND,,,,,,,,,,,,
202301080MEM,,,,,,,,,,,,
202301080MIA,,,,,,,,,,,,
202301080HOU,,,,,,,,,,,,
202301080OKC,,,,,,,,,,,,
202301080PHO,,,,,,,,,,,,
202301080LAC,,,,,,,,,,,,
202301090WAS,,,,,,,,,,,,
202301090BOS,,,,,,,,,,,,
202301090NYK,,,,,,,,,,,,
202301090MEM,,,,,,,,,,,,
202301090DEN,,,,,,,,,,,,
202301090SAC,,,,,,,,,,,,
202301100MIA,,,,,,,,,,,,
202301100PHI,,,,,,,,,,,,
202301100TOR,,,,,,,,,,,,
202301100UTA,,,,,,,,,,,,
202301100GSW,,,,,,,,,,,,
202301100POR,,,,,,,,,,,,
202301100LAC,,,,,,,,,,,,
202301110DET,,,,,,,,,,,,
202301110WAS,,,,,,,,,,,,
202301110ATL,,,,,,,,,,,,
202301110BOS,,,,,,,,,,,,
202301110NYK,,,,,,,,,,,,
202301110MEM,,,,,,,,,,,,
202301110DEN,,,,,,,,,,,,
202301110SAC,,,,,,,,,,,,
202301120PHI,,,,,,,,,,,,
202301120BRK,,,,,,,,,,,,
202301120MIA,,,,,,,,,,,,
202301120TOR,,,,,,,,,,,,
202301120LAL,,,,,,,,,,,,
202301120POR,,,,,,,,,,,,
202301130DET,,,,,,,,,,,,
202301130IND,,,,,,,,,,,,
202301130WAS,,,,,,,,,,,,
202301130SAS,,,,,,,,,,,,
202301130CHI,,,,,,,,,,,,
202301130MIN,,,,,,,,,,,,
202301130UTA,,,,,,,,,,,,
202301130LAC,,,,,,,,,,,,
202301130SAC,,,,,,,,,,,,
202301140MIA,,,,,,,,,,,,
202301140CHO,,,,,,,,,,,,
202301140IND,,,,,,,,,,,,
202301140TOR,,,,,,,,,,,,
202301140MIN,,,,,,,,,,,,
202301140UTA,,,,,,,,,,,,
202301140POR,,,,,,,,,,,,
202301150DET,,,,,,,,,,,,
202301150LAC,,,,,,,,,,,,
202301150CHI,,,,,,,,,,,,
202301150BRK,,,,,,,,,,,,
202301150SAS,,,,,,,,,,,,
202301150DEN,,,,,,,,,,,,
202301150POR,,,,,,,,,,,,
202301150LAL,,,,,,,,,,,,
202301160CHO,,,,,,,,,,,,
202301160MIL,,,,,,,,,,,,
202301160CLE,,,,,,,,,,,,
202301160NYK,,,,,,,,,,,,
202301160WAS,,,,,,,,,,,,
202301160ATL,,,,,,,,,,,,
202301160MIN,,,,,,,,,,,,
202301160MEM,,,,,,,,,,,,
202301160LAL,,,,,,,,,,,,
202301170MIL,,,,,,,,,,,,
202301170SAS,,,,,,,,,,,,
202301170DEN,,,,,,,,,,,,
202301170LAC,,,,,,,,,,,,
202301180DAL,,,,,,,,,,,,
202301180NYK,,,,,,,,,,,,
202301180HOU,,,,,,,,,,,,
202301180MEM,,,,,,,,,,,,
202301180NOP,,,,,,,,,,,,
202301180OKC,,,,,,,,,,,,
202301180UTA,,,,,,,,,,,,
202301180DEN,,,,,,,,,,,,
202301180LAL,,,,,,,,,,,,
202301190DET,,,,,,,,,,,,
202301190BOS,,,,,,,,,,,,
202301190MIN,,,,,,,,,,,,
202301190PHO,,,,,,,,,,,,
202301190POR,,,,,,,,,,,,
202301200ORL,,,,,,,,,,,,
202301200ATL,,,,,,,,,,,,
202301200CLE,,,,,,,,,,,,
202301200DAL,,,,,,,,,,,,
202301200SAS,,,,,,,,,,,,
202301200DEN,,,,,,,,,,,,
202301200UTA,,,,,,,,,,,,
202301200LAL,,,,,,,,,,,,
202301200SAC,,,,,,,,,,,,
202301210TOR,,,,,,,,,,,,
202301210WAS,,,,,,,,,,,,
202301210ATL,,,,,,,,,,,,
202301210CLE,,,,,,,,,,,,
202301210MIN,,,,,,,,,,,,
202301210PHO,,,,,,,,,,,,
202301210SAC,,,,,,,,,,,,
202301220MIA,,,,,,,,,,,,
202301220TOR,,,,,,,,,,,,
202301220DAL,,,,,,,,,,,,
202301220DEN,,,,,,,,,,,,
202301220PHO,,,,,,,,,,,,
202301220GSW,,,,,,,,,,,,
202301220POR,,,,,,,,,,,,
202301230DET,,,,,,,,,,,,
202301230ORL,,,,,,,,,,,,
202301230CHI,,,,,,,,,,,,
202301230HOU,,,,,,,,,,,,
202301230UTA,,,,,,,,,,,,
202301230POR,,,,,,,,,,,,
202301230SAC,,,,,,,,,,,,
202301240IND,,,,,,,,,,,,
202301240MIA,,,,,,,,,,,,
202301240NYK,,,,,,,,,,,,
202301240NOP,,,,,,,,,,,,
202301240DAL,,,,,,,,,,,,
202301240PHO,,,,,,,,,,,,
202301240LAL,,,,,,,,,,,,
202301250ORL,,,,,,,,,,,,
202301250PHI,,,,,,,,,,,,
202301250HOU,,,,,,,,,,,,
202301250MIL,,,,,,,,,,,,
202301250NOP,,,,,,,,,,,,
202301250OKC,,,,,,,,,,,,
202301250GSW,,,,,,,,,,,,
202301250POR,,,,,,,,,,,,
202301250SAC,,,,,,,,,,,,
202301250LAL,,,,,,,,,,,,
202301260BOS,,,,,,,,,,,,
202301260BRK,,,,,,,,,,,,
202301260CHO,,,,,,,,,,,,
202301260HOU,,,,,,,,,,,,
202301260PHO,,,,,,,,,,,,
202301260LAC,,,,,,,,,,,,
202301270IND,,,,,,,,,,,,
202301270MIN,,,,,,,,,,,,
202301270MIA,,,,,,,,,,,,
202301270OKC,,,,,,,,,,,,
202301270GSW,,,,,,,,,,,,
202301280PHI,,,,,,,,,,,,
202301280BRK,,,,,,,,,,,,
202301280DET,,,,,,,,,,,,
202301280ORL,,,,,,,,,,,,
202301280ATL,,,,,,,,,,,,
202301280MIN,,,,,,,,,,,,
202301280NOP,,,,,,,,,,,,
202301280SAS,,,,,,,,,,,,
202301280BOS,,,,,,,,,,,,
202301280UTA,,,,,,,,,,,,
202301280POR,,,,,,,,,,,,
202301290CHO,,,,,,,,,,,,
202301290MEM,,,,,,,,,,,,
202301290CLE,,,,,,,,,,,,
202301290MIL,,,,,,,,,,,,
202301300PHI,,,,,,,,,,,,
202301300BRK,,,,,,,,,,,,
202301300MIN,,,,,,,,,,,,
202301300OKC,,,,,,,,,,,,
202301300SAS,,,,,,,,,,,,
202301300DAL,,,,,,,,,,,,
202301300PHO,,,,,,,,,,,,
202301300POR,,,,,,,,,,,,
202301310CLE,,,,,,,,,,,,
202301310NYK,,,,,,,,,,,,
202301310CHI,,,,,,,,,,,,
202301310MIL,,,,,,,,,,,,
202301310DEN,,,,,,,,,,,,
202302010DET,,,,,,,,,,,,
202302010MEM,,,,,,,,,,,,
202302010PHI,,,,,,,,,,,,
202302010BOS,,,,,,,,,,,,
202302010HOU,,,,,,,,,,,,
202302010MIN,,,,,,,,,,,,
202302010SAS,,,,,,,,,,,,
202302010UTA,,,,,,,,,,,,
202302010PHO,,,,,,,,,,,,
202302020IND,,,,,,,,,,,,
202302020CLE,,,,,,,,,,,,
202302020NYK,,,,,,,,,,,,
202302020CHI,,,,,,,,,,,,
202302020DAL,,,,,,,,,,,,
202302020DEN,,,,,,,,,,,,
202302020MIL,,,,,,,,,,,,
202302030DET,,,,,,,,,,,,
202302030IND,,,,,,,,,,,,
202302030WAS,,,,,,,,,,,,
202302030BOS,,,,,,,,,,,,
202302030HOU,,,,,,,,,,,,
202302030MIN,,,,,,,,,,,,
202302030SAS,,,,,,,,,,,,
202302030UTA,,,,,,,,,,,,
202302040BRK,,,,,,,,,,,,
202302040DET,,,,,,,,,,,,
202302040NYK,,,,,,,,,,,,
202302040CHI,,,,,,,,,,,,
202302040MIL,,,,,,,,,,,,
202302040NOP,,,,,,,,,,,,
202302040OKC,,,,,,,,,,,,
202302040GSW,,,,,,,,,,,,
202302040DEN,,,,,,,,,,,,
202302050CHO,,,,,,,,,,,,
202302050IND,,,,,,,,,,,,
202302050MEM,,,,,,,,,,,,
202302050NYK,,,,,,,,,,,,
202302050MIN,,,,,,,,,,,,
202302050NOP,,,,,,,,,,,,
202302060DET,,,,,,,,,,,,
202302060WAS,,,,,,,,,,,,
202302060BRK,,,,,,,,,,,,
202302060CHI,,,,,,,,,,,,
202302060HOU,,,,,,,,,,,,
202302060UTA,,,,,,,,,,,,
202302060GSW,,,,,,,,,,,,
202302060POR,,,,,,,,,,,,
202302070ORL,,,,,,,,,,,,
202302070BRK,,,,,,,,,,,,
202302070NOP,,,,,,,,,,,,
202302070MEM,,,,,,,,,,,,
202302070DEN,,,,,,,,,,,,
202302070LAL,,,,,,,,,,,,
202302080CLE,,,,,,,,,,,,
202302080WAS,,,,,,,,,,,,
202302080BOS,,,,,,,,,,,,
202302080MIA,,,,,,,,,,,,
202302080TOR,,,,,,,,,,,,
202302080HOU,,,,,,,,,,,,
202302080UTA,,,,,,,,,,,,
202302080LAC,,,,,,,,,,,,
202302080POR,,,,,,,,,,,,
202302090ORL,,,,,,,,,,,,
202302090ATL,,,,,,,,,,,,
202302090BRK,,,,,,,,,,,,
202302090LAL,,,,,,,,,,,,
202302100DET,,,,,,,,,,,,
202302100IND,,,,,,,,,,,,
202302100PHI,,,,,,,,,,,,
202302100BOS,,,,,,,,,,,,
202302100TOR,,,,,,,,,,,,
202302100MEM,,,,,,,,,,,,
202302100MIA,,,,,,,,,,,,
202302100NOP,,,,,,,,,,,,
202302100POR,,,,,,,,,,,,
202302100SAC,,,,,,,,,,,,
202302100LAC,,,,,,,,,,,,
202302110BRK,,,,,,,,,,,,
202302110CHO,,,,,,,,,,,,
202302110ORL,,,,,,,,,,,,
202302110WAS,,,,,,,,,,,,
202302110ATL,,,,,,,,,,,,
202302110NYK,,,,,,,,,,,,
202302110CLE,,,,,,,,,,,,
202302110GSW,,,,,,,,,,,,
202302110SAC,,,,,,,,,,,,
202302120BOS,,,,,,,,,,,,
202302120TOR,,,,,,,,,,,,
202302130CHO,,,,,,,,,,,,
202302130CLE,,,,,,,,,,,,
202302130IND,,,,,,,,,,,,
202302130PHI,,,,,,,,,,,,
202302130MIA,,,,,,,,,,,,
202302130NYK,,,,,,,,,,,,
202302130CHI,,,,,,,,,,,,
202302130OKC,,,,,,,,,,,,
202302130DAL,,,,,,,,,,,,
202302130GSW,,,,,,,,,,,,
202302130POR,,,,,,,,,,,,
202302140MIL,,,,,,,,,,,,
202302140TOR,,,,,,,,,,,,
202302140PHO,,,,,,,,,,,,
202302140LAC,,,,,,,,,,,,
202302140POR,,,,,,,,,,,,
202302150CHO,,,,,,,,,,,,
202302150IND,,,,,,,,,,,,
202302150PHI,,,,,,,,,,,,
202302150ATL,,,,,,,,,,,,
202302150BOS,,,,,,,,,,,,
202302150BRK,,,,,,,,,,,,
202302150MEM,,,,,,,,,,,,
202302150OKC,,,,,,,,,,,,
202302150DEN,,,,,,,,,,,,
202302150LAL,,,,,,,,,,,,
202302160CHI,,,,,,,,,,,,
202302160MIN,,,,,,,,,,,,
202302160PHO,,,,,,,,,,,,
202302230CLE,,,,,,,,,,,,
202302230IND,,,,,,,,,,,,
202302230ORL,,,,,,,,,,,,
202302230PHI,,,,,,,,,,,,
202302230TOR,,,,,,,,,,,,
202302230DAL,,,,,,,,,,,,
202302230UTA,,,,,,,,,,,,
202302230LAL,,,,,,,,,,,,
202302230SAC,,,,,,,,,,,,
202302240WAS,,,,,,,,,,,,
202302240ATL,,,,,,,,,,,,
202302240MIL,,,,,,,,,,,,
202302240MIN,,,,,,,,,,,,
202302240PHO,,,,,,,,,,,,
202302240CHI,,,,,,,,,,,,
202302240GSW,,,,,,,,,,,,
202302240LAC,,,,,,,,,,,,
202302250DET,,,,,,,,,,,,
202302250CHO,,,,,,,,,,,,
202302250ORL,,,,,,,,,,,,
202302250NYK,,,,,,,,,,,,
202302250MEM,,,,,,,,,,,,
202302250PHI,,,,,,,,,,,,
202302250UTA,,,,,,,,,,,,
202302260MIL,,,,,,,,,,,,
202302260ATL,,,,,,,,,,,,
202302260CHI,,,,,,,,,,,,
202302260DAL,,,,,,,,,,,,
202302260CLE,,,,,,,,,,,,
202302260OKC,,,,,,,,,,,,
202302260GSW,,,,,,,,,,,,
202302260POR,,,,,,,,,,,,
202302260DEN,,,,,,,,,,,,
202302270CHO,,,,,,,,,,,,
202302270PHI,,,,,,,,,,,,
202302270NYK,,,,,,,,,,,,
202302270NOP,,,,,,,,,,,,
202302280ATL,,,,,,,,,,,,
202302280BRK,,,,,,,,,,,,
202302280TOR,,,,,,,,,,,,
202302280HOU,,,,,,,,,,,,
202302280MEM,,,,,,,,,,,,
202302280OKC,,,,,,,,,,,,
202302280DAL,,,,,,,,,,,,
202302280UTA,,,,,,,,,,,,
202302280GSW,,,,,,,,,,,,
202302280LAC,,,,,,,,,,,,
202303010CHO,,,,,,,,,,,,
202303010DET,,,,,,,,,,,,
202303010BOS,,,,,,,,,,,,
202303010MIA,,,,,,,,,,,,
202303010NYK,,,,,,,,,,,,
202303010HOU,,,,,,,,,,,,
202303010MIL,,,,,,,,,,,,
202303010OKC,,,,,,,,,,,,
202303010POR,,,,,,,,,,,,
202303020WAS,,,,,,,,,,,,
202303020DAL,,,,,,,,,,,,
202303020SAS,,,,,,,,,,,,
202303020GSW,,,,,,,,,,,,
202303030CHO,,,,,,,,,,,,
202303030ATL,,,,,,,,,,,,
202303030BOS,,,,,,,,,,,,
202303030CHI,,,,,,,,,,,,
202303030MIA,,,,,,,,,,,,
202303030OKC,,,,,,,,,,,,
202303030DEN,,,,,,,,,,,,
202303030GSW,,,,,,,,,,,,
202303030SAC,,,,,,,,,,,,
202303030LAL,,,,,,,,,,,,
202303040WAS,,,,,,,,,,,,
202303040CLE,,,,,,,,,,,,
202303040MIA,,,,,,,,,,,,
202303040SAS,,,,,,,,,,,,
202303040MIL,,,,,,,,,,,,
202303040SAC,,,,,,,,,,,,
202303050DAL,,,,,,,,,,,,
202303050CHI,,,,,,,,,,,,
202303050LAL,,,,,,,,,,,,
202303050BRK,,,,,,,,,,,,
202303050ORL,,,,,,,,,,,,
202303050HOU,,,,,,,,,,,,
202303050OKC,,,,,,,,,,,,
202303050BOS,,,,,,,,,,,,
202303050LAC,,,,,,,,,,,,
202303060CLE,,,,,,,,,,,,
202303060IND,,,,,,,,,,,,
202303060WAS,,,,,,,,,,,,
202303060MIA,,,,,,,,,,,,
202303060DEN,,,,,,,,,,,,
202303060SAC,,,,,,,,,,,,
202303070DET,,,,,,,,,,,,
202303070ORL,,,,,,,,,,,,
202303070MIN,,,,,,,,,,,,
202303070NYK,,,,,,,,,,,,
202303070HOU,,,,,,,,,,,,
202303070OKC,,,,,,,,,,,,
202303070DAL,,,,,,,,,,,,
202303070LAL,,,,,,,,,,,,
202303080WAS,,,,,,,,,,,,
202303080BOS,,,,,,,,,,,,
202303080MIA,,,,,,,,,,,,
202303080NOP,,,,,,,,,,,,
202303080DEN,,,,,,,,,,,,
202303080PHO,,,,,,,,,,,,
202303080LAC,,,,,,,,,,,,
202303090DET,,,,,,,,,,,,
202303090IND,,,,,,,,,,,,
202303090ORL,,,,,,,,,,,,
202303090MIL,,,,,,,,,,,,
202303090MEM,,,,,,,,,,,,
202303090SAC,,,,,,,,,,,,
202303100PHI,,,,,,,,,,,,
202303100WAS,,,,,,,,,,,,
202303100MIA,,,,,,,,,,,,
202303100MIN,,,,,,,,,,,,
202303100SAS,,,,,,,,,,,,
202303100LAL,,,,,,,,,,,,
202303110LAC,,,,,,,,,,,,
202303110CHO,,,,,,,,,,,,
202303110DET,,,,,,,,,,,,
202303110ORL,,,,,,,,,,,,
202303110ATL,,,,,,,,,,,,
202303110HOU,,,,,,,,,,,,
202303110MEM,,,,,,,,,,,,
202303110GSW,,,,,,,,,,,,
202303110NOP,,,,,,,,,,,,
202303110PHO,,,,,,,,,,,,
202303120DEN,,,,,,,,,,,,
202303120CHO,,,,,,,,,,,,
202303120PHI,,,,,,,,,,,,
202303120NOP,,,,,,,,,,,,
202303120SAS,,,,,,,,,,,,
202303120LAL,,,,,,,,,,,,
202303130DET,,,,,,,,,,,,
202303130ATL,,,,,,,,,,,,
202303130DAL,,,,,,,,,,,,
202303130MIA,,,,,,,,,,,,
202303130HOU,,,,,,,,,,,,
202303130GSW,,,,,,,,,,,,
202303130SAC,,,,,,,,,,,,
202303140CHO,,,,,,,,,,,,
202303140WAS,,,,,,,,,,,,
202303140TOR,,,,,,,,,,,,
202303140NOP,,,,,,,,,,,,
202303140OKC,,,,,,,,,,,,
202303140SAS,,,,,,,,,,,,
202303140PHO,,,,,,,,,,,,
202303140POR,,,,,,,,,,,,
202303150CLE,,,,,,,,,,,,
202303150MIA,,,,,,,,,,,,
202303150CHI,,,,,,,,,,,,
202303150HOU,,,,,,,,,,,,
202303150MIN,,,,,,,,,,,,
202303150SAS,,,,,,,,,,,,
202303150LAC,,,,,,,,,,,,
202303160DET,,,,,,,,,,,,
202303160BRK,,,,,,,,,,,,
202303160TOR,,,,,,,,,,,,
202303160MIL,,,,,,,,,,,,
202303160PHO,,,,,,,,,,,,
202303170CHO,,,,,,,,,,,,
202303170ATL,,,,,,,,,,,,
202303170CLE,,,,,,,,,,,,
202303170CHI,,,,,,,,,,,,
202303170HOU,,,,,,,,,,,,
202303170SAS,,,,,,,,,,,,
202303170POR,,,,,,,,,,,,
202303170LAL,,,,,,,,,,,,
202303180NYK,,,,,,,,,,,,
202303180LAC,,,,,,,,,,,,
202303180IND,,,,,,,,,,,,
202303180TOR,,,,,,,,,,,,
202303180CHI,,,,,,,,,,,,
202303180MEM,,,,,,,,,,,,
202303180WAS,,,,,,,,,,,,
202303180UTA,,,,,,,,,,,,
202303190BRK,,,,,,,,,,,,
202303190OKC,,,,,,,,,,,,
202303190SAS,,,,,,,,,,,,
202303190DET,,,,,,,,,,,,
202303190HOU,,,,,,,,,,,,
202303190MIL,,,,,,,,,,,,
202303190POR,,,,,,,,,,,,
202303190LAL,,,,,,,,,,,,
202303200CHO,,,,,,,,,,,,
202303200PHI,,,,,,,,,,,,
202303200NYK,,,,,,,,,,,,
202303200HOU,,,,,,,,,,,,
202303200MEM,,,,,,,,,,,,
202303200UTA,,,,,,,,,,,,
202303210ORL,,,,,,,,,,,,
202303210ATL,,,,,,,,,,,,
202303210BRK,,,,,,,,,,,,
202303210NOP,,,,,,,,,,,,
202303210SAC,,,,,,,,,,,,
202303210LAC,,,,,,,,,,,,
202303220WAS,,,,,,,,,,,,
202303220DAL,,,,,,,,,,,,
202303220MIA,,,,,,,,,,,,
202303220TOR,,,,,,,,,,,,
202303220CHI,,,,,,,,,,,,
202303220MEM,,,,,,,,,,,,
202303220MIL,,,,,,,,,,,,
202303220MIN,,,,,,,,,,,,
202303220UTA,,,,,,,,,,,,
202303220LAL,,,,,,,,,,,,
202303230ORL,,,,,,,,,,,,
202303230BRK,,,,,,,,,,,,
202303230NOP,,,,,,,,,,,,
202303230LAC,,,,,,,,,,,,
202303240BOS,,,,,,,,,,,,
202303240WAS,,,,,,,,,,,,
202303240TOR,,,,,,,,,,,,
202303240MEM,,,,,,,,,,,,
202303240DAL,,,,,,,,,,,,
202303240UTA,,,,,,,,,,,,
202303240GSW,,,,,,,,,,,,
202303240POR,,,,,,,,,,,,
202303240SAC,,,,,,,,,,,,
202303240LAL,,,,,,,,,,,,
202303250ATL,,,,,,,,,,,,
202303250MIA,,,,,,,,,,,,
202303250DEN,,,,,,,,,,,,
202303250PHO,,,,,,,,,,,,
202303250SAC,,,,,,,,,,,,
202303250LAC,,,,,,,,,,,,
202303260CHO,,,,,,,,,,,,
202303260LAL,,,,,,,,,,,,
202303260ATL,,,,,,,,,,,,
202303260BOS,,,,,,,,,,,,
202303260CLE,,,,,,,,,,,,
202303260ORL,,,,,,,,,,,,
202303260TOR,,,,,,,,,,,,
202303260POR,,,,,,,,,,,,
202303260GSW,,,,,,,,,,,,
202303270DET,,,,,,,,,,,,
202303270IND,,,,,,,,,,,,
202303270NYK,,,,,,,,,,,,
202303270UTA,,,,,,,,,,,,
202303270DEN,,,,,,,,,,,,
202303270POR,,,,,,,,,,,,
202303270SAC,,,,,,,,,,,,
202303270LAC,,,,,,,,,,,,
202303280WAS,,,,,,,,,,,,
202303280ATL,,,,,,,,,,,,
202303280TOR,,,,,,,,,,,,
202303280MEM,,,,,,,,,,,,
202303280OKC,,,,,,,,,,,,
202303280GSW,,,,,,,,,,,,
202303290IND,,,,,,,,,,,,
202303290BRK,,,,,,,,,,,,
202303290NYK,,,,,,,,,,,,
202303290PHI,,,,,,,,,,,,
202303290CHI,,,,,,,,,,,,
202303290MEM,,,,,,,,,,,,
202303290OKC,,,,,,,,,,,,
202303290SAS,,,,,,,,,,,,
202303290PHO,,,,,,,,,,,,
202303290POR,,,,,,,,,,,,
202303300MIL,,,,,,,,,,,,
202303300DEN,,,,,,,,,,,,
202303310CHO,,,,,,,,,,,,
202303310IND,,,,,,,,,,,,
202303310PHI,,,,,,,,,,,,
202303310WAS,,,,,,,,,,,,
202303310BOS,,,,,,,,,,,,
202303310BRK,,,,,,,,,,,,
202303310CLE,,,,,,,,,,,,
202303310HOU,,,,,,,,,,,,
202303310MEM,,,,,,,,,,,,
202303310MIN,,,,,,,,,,,,
202303310GSW,,,,,,,,,,,,
202303310POR,,,,,,,,,,,,
202303310PHO,,,,,,,,,,,,
202304010MIA,,,,,,,,,,,,
202304010NOP,,,,,,,,,,,,
202304020CHO,,,,,,,,,,,,
202304020BRK,,,,,,,,,,,,
202304020CHI,,,,,,,,,,,,
202304020MIN,,,,,,,,,,,,
202304020ATL,,,,,,,,,,,,
202304020SAC,,,,,,,,,,,,
202304020ORL,,,,,,,,,,,,
202304020NYK,,,,,,,,,,,,
202304020HOU,,,,,,,,,,,,
202304020OKC,,,,,,,,,,,,
202304020MIL,,,,,,,,,,,,
202304020CLE,,,,,,,,,,,,
202304020DEN,,,,,,,,,,,,
202304040CHO,,,,,,,,,,,,
202304040WAS,,,,,,,,,,,,
202304040ORL,,,,,,,,,,,,
202304040DET,,,,,,,,,,,,
202304040BRK,,,,,,,,,,,,
202304040HOU,,,,,,,,,,,,
202304040MEM,,,,,,,,,,,,
202304040NOP,,,,,,,,,,,,
202304040PHI,,,,,,,,,,,,
202304040CHI,,,,,,,,,,,,
202304040UTA,,,,,,,,,,,,
202304040GSW,,,,,,,,,,,,
202304040PHO,,,,,,,,,,,,
202304050DET,,,,,,,,,,,,
202304050IND,,,,,,,,,,,,
202304050ATL,,,,,,,,,,,,
202304050BOS,,,,,,,,,,,,
202304050MIL,,,,,,,,,,,,
202304050NOP,,,,,,,,,,,,
202304050DAL,,,,,,,,,,,,
202304050LAC,,,,,,,,,,,,
202304060ORL,,,,,,,,,,,,
202304060PHI,,,,,,,,,,,,
202304060SAS,,,,,,,,,,,,
202304060UTA,,,,,,,,,,,,
202304060PHO,,,,,,,,,,,,
202304070CHO,,,,,,,,,,,,
202304070WAS,,,,,,,,,,,,
202304070IND,,,,,,,,,,,,
202304070BRK,,,,,,,,,,,,
202304070BOS,,,,,,,,,,,,
202304070ATL,,,,,,,,,,,,
202304070MIL,,,,,,,,,,,,
202304070NOP,,,,,,,,,,,,
202304070DAL,,,,,,,,,,,,
202304070SAC,,,,,,,,,,,,
202304070LAL,,,,,,,,,,,,
202304080UTA,,,,,,,,,,,,
202304080LAC,,,,,,,,,,,,
202304080SAS,,,,,,,,,,,,
202304090BOS,,,,,,,,,,,,
202304090BRK,,,,,,,,,,,,
202304090CHI,,,,,,,,,,,,
202304090CLE,,,,,,,,,,,,
202304090MIA,,,,,,,,,,,,
202304090NYK,,,,,,,,,,,,
202304090TOR,,,,,,,,,,,,
202304090WAS,,,,,,,,,,,,
202304090DAL,,,,,,,,,,,,
202304090DEN,,,,,,,,,,,,
202304090LAL,,,,,,,,,,,,
202304090MIN,,,,,,,,,,,,
202304090OKC,,,,,,,,,,,,
202304090PHO,,,,,,,,,,,,
202304090POR,,,,,,,,,,,,
