,OddHome,OddHome,OddHome,OddHome,OddHome,OddHome,OddHome,OddHome,OddHome,OddHome,OddHome,OddHome,OddHome,OddHome,OddHome,OddAway,OddAway,OddAway,OddAway,OddAway,OddAway,OddAway,OddAway,OddAway,OddAway,OddAway,OddAway,OddAway,OddAway,OddAway,OddHome,OddAway,OddHome,OddAway
Bookmaker,10x10bet,1xBet,Coolbet,Curebet,GGBET,Lasbet,Marathonbet,N1 Bet,Pinnacle,Unibet,VOBET,William Hill,bet-at-home,bet365,bwin,10x10bet,1xBet,Coolbet,Curebet,GGBET,Lasbet,Marathonbet,N1 Bet,Pinnacle,Unibet,VOBET,William Hill,bet-at-home,bet365,bwin,Ditobet,Ditobet,Alphabet,Alphabet
game_id,,,,,,,,,,,,,,,,,,,,,,,,,,,,,,,,,,
202210180BOS,-152.0,-147.0,-147.0,-149.0,-143.0,-145.0,-149.0,-147.0,-143.0,-147.0,-152.0,-149.0,-154.0,-156.0,-154.0,122.0,139.0,125.0,125.0,114.0,127.0,129.0,125.0,129.0,123.0,122.0,129.0,120.0,135.0,125.0,,,,
202210180GSW,-312.0,-278.0,-323.0,-303.0,-286.0,-294.0,-286.0,-323.0,-286.0,-278.0,-312.0,-323.0,-333.0,-312.0,-323.0,240.0,260.0,254.0,245.0,229.0,252.0,284.0,259.0,244.0,225.0,240.0,250.0,245.0,250.0,250.0,,,,
202210190DET,-154.0,-143.0,-154.0,-149.0,-154.0,-145.0,-145.0,-164.0,-159.0,-147.0,-154.0,-161.0,-167.0,-167.0,-143.0,124.0,134.0,129.0,125.0,125.0,127.0,125.0,138.0,129.0,125.0,124.0,140.0,129.0,145.0,120.0,,,,
202210190IND,118.0,116.0,120.0,122.0,114.0,124.0,123.0,122.0,127.0,106.0,118.0,120.0,118.0,120.0,114.0,-147.0,-122.0,-141.0,-145.0,-143.0,-141.0,-143.0,-145.0,-145.0,-127.0,-147.0,-141.0,-149.0,-141.0,-139.0,,,,
202210190ATL,-556.0,-455.0,-556.0,-556.0,-556.0,-526.0,-556.0,-526.0,-500.0,-476.0,-556.0,-556.0,-556.0,-500.0,-500.0,390.0,409.0,420.0,415.0,390.0,425.0,430.0,395.0,403.0,370.0,390.0,400.0,370.0,375.0,375.0,,,,
202210190BRK,-147.0,-133.0,-159.0,-143.0,-143.0,-141.0,-154.0,-147.0,-147.0,-141.0,-147.0,-149.0,-152.0,-152.0,-149.0,118.0,125.0,129.0,120.0,114.0,124.0,131.0,124.0,131.0,118.0,118.0,129.0,119.0,129.0,125.0,,,,
202210190MEM,-185.0,-172.0,-192.0,-179.0,-182.0,-175.0,-175.0,-192.0,-185.0,-172.0,-185.0,-200.0,-200.0,-200.0,-189.0,148.0,163.0,160.0,150.0,145.0,154.0,150.0,160.0,163.0,145.0,148.0,170.0,154.0,170.0,154.0,,,,
202210190MIA,-323.0,-270.0,-323.0,-312.0,-333.0,-303.0,-263.0,-312.0,-294.0,-312.0,-323.0,-323.0,-323.0,-303.0,-303.0,245.0,252.0,260.0,252.0,250.0,260.0,260.0,252.0,252.0,240.0,245.0,250.0,240.0,240.0,240.0,,,,
202210190TOR,-145.0,-133.0,-141.0,-141.0,-143.0,-137.0,-139.0,-139.0,-135.0,-133.0,-145.0,-141.0,-145.0,-141.0,-143.0,117.0,125.0,120.0,119.0,114.0,121.0,120.0,119.0,121.0,112.0,117.0,120.0,114.0,120.0,120.0,,,,
202210190MIN,-625.0,-556.0,-667.0,-588.0,-667.0,-588.0,-625.0,-769.0,-588.0,-526.0,-625.0,-667.0,-833.0,-625.0,-556.0,430.0,484.0,455.0,434.0,470.0,470.0,465.0,535.0,459.0,409.0,430.0,450.0,500.0,450.0,400.0,,,,
202210190SAS,-106.0,100.0,-110.0,-104.0,-105.0,-102.0,-103.0,-103.0,-103.0,-105.0,-106.0,-105.0,-108.0,-105.0,-110.0,-116.0,-108.0,-108.0,-114.0,-118.0,-111.0,-112.0,-114.0,-108.0,-112.0,-116.0,-115.0,-118.0,-116.0,-110.0,,,,
202210190UTA,204.0,227.0,220.0,210.0,204.0,212.0,210.0,218.0,212.0,215.0,204.0,220.0,210.0,220.0,225.0,-263.0,-244.0,-270.0,-256.0,-250.0,-244.0,-250.0,-263.0,-244.0,-263.0,-263.0,-270.0,-278.0,-270.0,-278.0,,,,
202210190PHO,-182.0,-169.0,-182.0,-179.0,-182.0,-175.0,-167.0,-179.0,-175.0,-179.0,-182.0,-179.0,-185.0,-175.0,-182.0,145.0,158.0,152.0,150.0,150.0,154.0,165.0,150.0,154.0,150.0,145.0,154.0,144.0,154.0,150.0,,,,
202210190SAC,-156.0,-143.0,-159.0,-154.0,-143.0,-149.0,-164.0,-154.0,-149.0,-141.0,-156.0,-161.0,-161.0,-156.0,-154.0,125.0,134.0,135.0,129.0,120.0,131.0,141.0,131.0,133.0,118.0,125.0,140.0,125.0,135.0,125.0,,,,
202210200PHI,-179.0,-169.0,-182.0,-172.0,-175.0,-169.0,-164.0,-182.0,-182.0,-179.0,-179.0,-175.0,-189.0,-172.0,-175.0,143.0,158.0,152.0,144.0,140.0,149.0,163.0,152.0,162.0,150.0,143.0,150.0,146.0,150.0,145.0,,,,
202210200LAL,154.0,172.0,165.0,160.0,154.0,165.0,164.0,165.0,170.0,154.0,154.0,170.0,160.0,170.0,154.0,-196.0,-182.0,-196.0,-192.0,-192.0,-189.0,-192.0,-196.0,-189.0,-185.0,-196.0,-200.0,-208.0,-200.0,-189.0,,,,
202210210CHO,210.0,227.0,210.0,215.0,200.0,222.0,229.0,217.0,223.0,210.0,210.0,220.0,210.0,220.0,220.0,-270.0,-244.0,-256.0,-263.0,-250.0,-256.0,-278.0,-263.0,-250.0,-250.0,-270.0,-270.0,-278.0,-270.0,-278.0,,,,
202210210IND,-127.0,-118.0,-137.0,-125.0,-118.0,-122.0,-123.0,-120.0,-120.0,-114.0,-127.0,-125.0,-125.0,-125.0,-120.0,102.0,110.0,114.0,104.0,100.0,108.0,106.0,102.0,108.0,-104.0,102.0,104.0,-102.0,104.0,100.0,,,,
202210210WAS,-132.0,-133.0,-128.0,-128.0,-125.0,-125.0,-130.0,-127.0,-125.0,-132.0,-132.0,-130.0,-132.0,-132.0,-133.0,106.0,125.0,110.0,108.0,100.0,110.0,112.0,108.0,110.0,112.0,106.0,110.0,102.0,110.0,110.0,,,,
202210210ATL,-370.0,-357.0,-435.0,-370.0,-400.0,-357.0,-345.0,-400.0,-370.0,-400.0,-370.0,-417.0,-417.0,-400.0,-400.0,280.0,332.0,330.0,293.0,300.0,300.0,282.0,312.0,315.0,309.0,280.0,320.0,295.0,320.0,300.0,,,,
202210210BRK,-152.0,-137.0,-143.0,-147.0,-143.0,-145.0,-147.0,-143.0,-141.0,-143.0,-152.0,-145.0,-149.0,-147.0,-139.0,122.0,129.0,121.0,123.0,114.0,127.0,127.0,122.0,125.0,123.0,122.0,125.0,117.0,125.0,114.0,,,,
202210210MIA,108.0,120.0,104.0,108.0,114.0,112.0,122.0,110.0,114.0,117.0,108.0,114.0,104.0,114.0,110.0,-133.0,-128.0,-125.0,-130.0,-143.0,-127.0,-123.0,-128.0,-125.0,-139.0,-133.0,-135.0,-133.0,-135.0,-133.0,,,,
202210210NYK,-303.0,-256.0,-323.0,-294.0,-286.0,-286.0,-263.0,-303.0,-278.0,-278.0,-303.0,-303.0,-312.0,-286.0,-303.0,229.0,238.0,258.0,240.0,229.0,245.0,220.0,246.0,241.0,220.0,229.0,240.0,235.0,229.0,240.0,,,,
202210210MIN,-357.0,-294.0,-333.0,-345.0,-400.0,-333.0,-303.0,-385.0,-333.0,-312.0,-357.0,-345.0,-417.0,-323.0,-333.0,272.0,268.0,270.0,275.0,300.0,283.0,252.0,309.0,286.0,254.0,272.0,270.0,290.0,260.0,260.0,,,,
202210210HOU,225.0,227.0,238.0,231.0,235.0,239.0,238.0,231.0,237.0,215.0,225.0,229.0,220.0,220.0,220.0,-294.0,-244.0,-294.0,-286.0,-312.0,-278.0,-286.0,-278.0,-278.0,-263.0,-294.0,-278.0,-303.0,-270.0,-278.0,,,,
202210210GSW,-222.0,-200.0,-217.0,-217.0,-200.0,-213.0,-213.0,-222.0,-208.0,-213.0,-222.0,-222.0,-233.0,-222.0,-222.0,175.0,188.0,181.0,179.0,160.0,185.0,210.0,184.0,183.0,175.0,175.0,179.0,175.0,179.0,179.0,,,,
202210210POR,165.0,181.0,162.0,166.0,160.0,171.0,170.0,171.0,172.0,170.0,165.0,175.0,165.0,175.0,179.0,-208.0,-196.0,-192.0,-200.0,-200.0,-196.0,-200.0,-204.0,-192.0,-213.0,-208.0,-208.0,-213.0,-213.0,-222.0,,,,
202210220PHI,-1000.0,-833.0,-1000.0,-1000.0,-1000.0,-909.0,-833.0,-1111.0,-909.0,-909.0,-1000.0,-1000.0,-1250.0,-1000.0,-909.0,610.0,740.0,665.0,650.0,600.0,670.0,595.0,705.0,658.0,600.0,610.0,650.0,640.0,625.0,600.0,,,,
202210220IND,-125.0,-108.0,-114.0,-122.0,-125.0,-119.0,-120.0,-114.0,-115.0,-108.0,-125.0,-110.0,-119.0,-116.0,-110.0,100.0,100.0,-103.0,102.0,100.0,104.0,104.0,-103.0,104.0,-110.0,100.0,-110.0,-108.0,-105.0,-110.0,,,,
202210220ORL,290.0,316.0,305.0,300.0,305.0,312.0,315.0,325.0,309.0,280.0,290.0,309.0,309.0,300.0,290.0,-385.0,-345.0,-385.0,-385.0,-400.0,-370.0,-385.0,-417.0,-370.0,-357.0,-385.0,-400.0,-435.0,-385.0,-385.0,,,,
202210220CHI,100.0,110.0,102.0,100.0,-105.0,104.0,112.0,102.0,102.0,104.0,-102.0,104.0,-101.0,104.0,104.0,-123.0,-118.0,-120.0,-119.0,-118.0,-118.0,-114.0,-120.0,-114.0,-122.0,-122.0,-125.0,-125.0,-125.0,-125.0,,,,
202210220MIA,-164.0,-154.0,-159.0,-161.0,-154.0,-156.0,-172.0,-156.0,-154.0,-149.0,-164.0,-161.0,-164.0,-161.0,-161.0,131.0,144.0,135.0,135.0,129.0,138.0,148.0,133.0,139.0,123.0,131.0,140.0,127.0,140.0,135.0,,,,
202210220MIL,-1111.0,-909.0,-1000.0,-1000.0,-1111.0,-1000.0,-909.0,-1111.0,-1000.0,-769.0,-1111.0,-1000.0,-1250.0,-1000.0,-1000.0,650.0,769.0,665.0,680.0,675.0,725.0,630.0,727.0,725.0,540.0,650.0,650.0,660.0,650.0,650.0,,,,
202210220DAL,-222.0,-200.0,-222.0,-217.0,-213.0,-213.0,-208.0,-222.0,-213.0,-208.0,-222.0,-233.0,-233.0,-222.0,-222.0,175.0,188.0,185.0,179.0,175.0,185.0,206.0,184.0,189.0,170.0,175.0,190.0,175.0,179.0,179.0,,,,
202210220DEN,-385.0,-244.0,-400.0,-385.0,-400.0,-370.0,-385.0,-435.0,-385.0,-333.0,-385.0,-417.0,-500.0,-400.0,-385.0,290.0,227.0,315.0,300.0,305.0,312.0,315.0,341.0,325.0,265.0,290.0,320.0,340.0,320.0,300.0,,,,
202210220SAC,112.0,125.0,118.0,114.0,110.0,118.0,125.0,118.0,123.0,106.0,112.0,120.0,112.0,120.0,114.0,-139.0,-133.0,-139.0,-137.0,-133.0,-133.0,-145.0,-139.0,-135.0,-127.0,-139.0,-141.0,-143.0,-141.0,-139.0,,,,
202210230LAL,-182.0,-159.0,-175.0,-179.0,-175.0,-175.0,-185.0,-179.0,-175.0,-164.0,-182.0,-179.0,-182.0,-175.0,-175.0,145.0,149.0,148.0,150.0,145.0,154.0,158.0,149.0,156.0,138.0,145.0,154.0,141.0,154.0,145.0,,,,
202210230ATL,-455.0,-455.0,-476.0,-455.0,-500.0,-435.0,-385.0,-476.0,-435.0,-455.0,-455.0,-476.0,-526.0,-500.0,-500.0,334.0,409.0,370.0,350.0,359.0,359.0,315.0,376.0,354.0,359.0,334.0,359.0,350.0,375.0,359.0,,,,
202210230CLE,-164.0,-159.0,-175.0,-161.0,-154.0,-156.0,-156.0,-154.0,-159.0,-161.0,-164.0,-161.0,-161.0,-167.0,-161.0,131.0,149.0,146.0,135.0,129.0,138.0,134.0,129.0,142.0,135.0,131.0,140.0,125.0,145.0,135.0,,,,
202210230NOP,-345.0,-312.0,-345.0,-333.0,-370.0,-323.0,-312.0,-345.0,-312.0,-357.0,-345.0,-345.0,-370.0,-357.0,-357.0,263.0,292.0,280.0,267.0,270.0,275.0,258.0,277.0,269.0,285.0,263.0,280.0,265.0,275.0,280.0,,,,
202210230OKC,345.0,351.0,305.0,350.0,340.0,375.0,359.0,379.0,357.0,309.0,345.0,350.0,350.0,325.0,359.0,-476.0,-385.0,-385.0,-455.0,-455.0,-455.0,-455.0,-500.0,-435.0,-400.0,-476.0,-455.0,-526.0,-435.0,-500.0,,,,
202210230GSW,-500.0,-455.0,-556.0,-500.0,-500.0,-476.0,-476.0,-526.0,-476.0,-526.0,-500.0,-476.0,-556.0,-500.0,-500.0,359.0,409.0,415.0,380.0,359.0,390.0,375.0,404.0,383.0,370.0,359.0,359.0,380.0,375.0,359.0,,,,
202210230LAC,102.0,106.0,104.0,104.0,100.0,106.0,114.0,102.0,108.0,-102.0,102.0,104.0,-101.0,-105.0,-105.0,-127.0,-112.0,-123.0,-123.0,-125.0,-120.0,-116.0,-119.0,-120.0,-116.0,-127.0,-125.0,-127.0,-116.0,-115.0,,,,
202210240PHI,-769.0,-714.0,-833.0,-769.0,-833.0,-714.0,-769.0,-909.0,-714.0,-769.0,-769.0,-833.0,-1000.0,-833.0,-909.0,505.0,630.0,580.0,540.0,550.0,555.0,545.0,638.0,546.0,525.0,505.0,550.0,580.0,550.0,575.0,,,,
202210240MIA,-169.0,-159.0,-169.0,-167.0,-154.0,-161.0,-164.0,-167.0,-159.0,-175.0,-169.0,-169.0,-172.0,-167.0,-161.0,136.0,149.0,143.0,140.0,129.0,142.0,141.0,140.0,144.0,145.0,136.0,145.0,134.0,145.0,135.0,,,,
202210240NYK,-303.0,-270.0,-323.0,-303.0,-333.0,-294.0,-286.0,-312.0,-278.0,-286.0,-303.0,-323.0,-333.0,-303.0,-303.0,229.0,252.0,260.0,245.0,265.0,252.0,238.0,254.0,243.0,235.0,229.0,250.0,240.0,240.0,240.0,,,,
202210240MIN,-455.0,-333.0,-357.0,-357.0,-400.0,-345.0,-333.0,-370.0,-345.0,-357.0,-370.0,-357.0,-385.0,-370.0,-357.0,334.0,300.0,285.0,284.0,305.0,292.0,274.0,294.0,292.0,290.0,280.0,285.0,280.0,280.0,275.0,,,,
202210240MEM,-116.0,-118.0,-115.0,-118.0,-111.0,-111.0,-109.0,-115.0,-111.0,-115.0,-120.0,-120.0,-119.0,-125.0,-115.0,-106.0,110.0,-103.0,-101.0,-105.0,-102.0,106.0,-103.0,100.0,-103.0,-103.0,100.0,-106.0,104.0,-105.0,,,,
202210240HOU,-108.0,125.0,118.0,114.0,114.0,118.0,120.0,117.0,121.0,112.0,112.0,114.0,114.0,120.0,114.0,-115.0,-133.0,-139.0,-137.0,-143.0,-133.0,-139.0,-137.0,-133.0,-133.0,-139.0,-135.0,-145.0,-141.0,-139.0,,,,
202210240CHI,175.0,191.0,181.0,179.0,175.0,185.0,188.0,172.0,175.0,179.0,175.0,179.0,165.0,185.0,195.0,-222.0,-204.0,-217.0,-217.0,-222.0,-213.0,-189.0,-204.0,-196.0,-217.0,-222.0,-222.0,-217.0,-227.0,-238.0,,,,
202210240POR,165.0,175.0,170.0,168.0,160.0,171.0,170.0,169.0,174.0,170.0,165.0,170.0,160.0,170.0,165.0,-208.0,-189.0,-200.0,-204.0,-200.0,-196.0,-200.0,-200.0,-192.0,-200.0,-208.0,-200.0,-213.0,-200.0,-200.0,,,,
202210250WAS,-233.0,-200.0,-238.0,-227.0,-222.0,-217.0,-213.0,-217.0,-213.0,-208.0,-233.0,-222.0,-227.0,-227.0,-222.0,183.0,188.0,195.0,188.0,179.0,189.0,181.0,181.0,188.0,175.0,183.0,179.0,175.0,185.0,179.0,,,,
202210250NOP,170.0,181.0,181.0,170.0,175.0,177.0,174.0,175.0,181.0,175.0,170.0,175.0,170.0,175.0,190.0,-213.0,-196.0,-217.0,-208.0,-213.0,-204.0,-204.0,-208.0,-204.0,-213.0,-213.0,-208.0,-222.0,-213.0,-238.0,,,,
202210250OKC,175.0,193.0,185.0,170.0,175.0,177.0,191.0,172.0,183.0,179.0,175.0,190.0,170.0,185.0,179.0,-222.0,-204.0,-222.0,-208.0,-222.0,-204.0,-227.0,-204.0,-204.0,-222.0,-222.0,-233.0,-227.0,-227.0,-222.0,,,,
202210250PHO,-128.0,-118.0,-132.0,-125.0,-125.0,-122.0,-114.0,-123.0,-123.0,-122.0,-128.0,-125.0,-128.0,-125.0,-125.0,104.0,110.0,110.0,104.0,100.0,108.0,112.0,104.0,110.0,104.0,104.0,104.0,100.0,104.0,104.0,,,,
202210260CLE,-400.0,-357.0,-435.0,-385.0,-400.0,-370.0,-357.0,-370.0,-370.0,-400.0,-400.0,-417.0,-400.0,-400.0,-385.0,300.0,324.0,325.0,300.0,305.0,312.0,292.0,297.0,308.0,309.0,300.0,320.0,280.0,309.0,300.0,,,,
202210260DET,225.0,252.0,265.0,231.0,245.0,239.0,265.0,256.0,254.0,235.0,225.0,250.0,245.0,240.0,260.0,-294.0,-270.0,-333.0,-286.0,-312.0,-278.0,-323.0,-312.0,-294.0,-294.0,-294.0,-323.0,-333.0,-303.0,-333.0,,,,
202210260CHI,-270.0,-256.0,-278.0,-263.0,-286.0,-256.0,-303.0,-312.0,-263.0,-263.0,-270.0,-278.0,-333.0,-286.0,-303.0,210.0,238.0,229.0,215.0,220.0,222.0,250.0,256.0,227.0,215.0,210.0,229.0,245.0,229.0,240.0,,,,
202210260DEN,-196.0,-189.0,-196.0,-192.0,-200.0,-189.0,-175.0,-196.0,-189.0,-189.0,-196.0,-200.0,-204.0,-200.0,-222.0,154.0,175.0,165.0,160.0,160.0,165.0,174.0,164.0,168.0,160.0,154.0,170.0,154.0,170.0,179.0,,,,
202210260MIL,-149.0,-159.0,-161.0,-147.0,-143.0,-143.0,-141.0,-149.0,-143.0,-156.0,-156.0,-149.0,-154.0,-152.0,-154.0,120.0,149.0,135.0,123.0,114.0,125.0,139.0,125.0,127.0,131.0,125.0,129.0,121.0,129.0,125.0,,,,
202210260MIN,-455.0,-455.0,-476.0,-455.0,-500.0,-435.0,-417.0,-435.0,-435.0,-400.0,-455.0,-476.0,-455.0,-500.0,-455.0,334.0,409.0,368.0,350.0,359.0,359.0,333.0,337.0,359.0,320.0,334.0,359.0,320.0,375.0,333.0,,,,
202210260NYK,-323.0,-278.0,-303.0,-312.0,-286.0,-303.0,-294.0,-312.0,-303.0,-286.0,-323.0,-323.0,-333.0,-312.0,-303.0,245.0,256.0,250.0,252.0,225.0,260.0,244.0,254.0,260.0,235.0,245.0,250.0,240.0,245.0,240.0,,,,
202210260POR,117.0,125.0,110.0,120.0,114.0,123.0,125.0,120.0,123.0,114.0,117.0,120.0,114.0,120.0,120.0,-145.0,-133.0,-132.0,-143.0,-143.0,-139.0,-145.0,-141.0,-135.0,-137.0,-145.0,-141.0,-147.0,-141.0,-145.0,,,,
202210260TOR,-108.0,106.0,-106.0,-105.0,-111.0,-103.0,-104.0,-106.0,-106.0,-103.0,-105.0,-115.0,-111.0,-116.0,-110.0,-115.0,-112.0,-111.0,-112.0,-111.0,-110.0,-111.0,-110.0,-104.0,-115.0,-118.0,-105.0,-115.0,-105.0,-110.0,,,,
202210260UTA,-370.0,-333.0,-345.0,-357.0,-400.0,-345.0,-333.0,-333.0,-345.0,-312.0,-370.0,-357.0,-357.0,-370.0,-385.0,280.0,300.0,277.0,284.0,305.0,292.0,274.0,271.0,289.0,245.0,280.0,285.0,254.0,280.0,300.0,,,,
202210270BRK,120.0,129.0,125.0,123.0,110.0,125.0,129.0,117.0,123.0,125.0,120.0,125.0,112.0,125.0,125.0,-149.0,-137.0,-147.0,-147.0,-133.0,-143.0,-132.0,-137.0,-135.0,-149.0,-149.0,-145.0,-143.0,-147.0,-149.0,,,,
202210270OKC,225.0,227.0,210.0,225.0,225.0,239.0,202.0,240.0,220.0,215.0,220.0,220.0,229.0,220.0,229.0,-294.0,-244.0,-256.0,-278.0,-286.0,-278.0,-238.0,-294.0,-250.0,-263.0,-286.0,-270.0,-312.0,-270.0,-286.0,,,,
202210270SAC,124.0,129.0,120.0,127.0,114.0,129.0,129.0,119.0,121.0,118.0,124.0,120.0,114.0,125.0,125.0,-154.0,-137.0,-141.0,-152.0,-143.0,-147.0,-149.0,-139.0,-133.0,-141.0,-154.0,-141.0,-145.0,-147.0,-149.0,,,,
202210270GSW,-233.0,-222.0,-222.0,-233.0,-222.0,-222.0,-213.0,-222.0,-204.0,-233.0,-233.0,-233.0,-233.0,-227.0,-222.0,183.0,206.0,185.0,192.0,175.0,193.0,181.0,184.0,179.0,190.0,183.0,190.0,175.0,185.0,179.0,,,,
202210280DET,190.0,202.0,206.0,195.0,190.0,202.0,204.0,196.0,199.0,188.0,190.0,190.0,185.0,195.0,195.0,-244.0,-217.0,-250.0,-238.0,-238.0,-233.0,-244.0,-238.0,-227.0,-227.0,-244.0,-233.0,-244.0,-238.0,-238.0,,,,
202210280ORL,-102.0,110.0,102.0,102.0,-105.0,104.0,106.0,102.0,104.0,102.0,-102.0,100.0,-101.0,104.0,104.0,-122.0,-118.0,-120.0,-120.0,-118.0,-118.0,-123.0,-120.0,-115.0,-122.0,-122.0,-120.0,-127.0,-125.0,-125.0,,,,
202210280TOR,-182.0,-164.0,-169.0,-179.0,-154.0,-175.0,-172.0,-159.0,-154.0,-172.0,-182.0,-161.0,-167.0,-167.0,-175.0,145.0,152.0,142.0,150.0,125.0,154.0,148.0,135.0,138.0,145.0,145.0,140.0,129.0,145.0,145.0,,,,
202210280WAS,-196.0,-196.0,-213.0,-192.0,-200.0,-185.0,-200.0,-192.0,-179.0,-200.0,-196.0,-200.0,-200.0,-213.0,-200.0,154.0,181.0,177.0,160.0,160.0,162.0,170.0,162.0,161.0,163.0,154.0,170.0,154.0,175.0,165.0,,,,
202210280BOS,-294.0,-244.0,-270.0,-286.0,-270.0,-278.0,-256.0,-278.0,-270.0,-263.0,-294.0,-278.0,-286.0,-278.0,-303.0,225.0,227.0,220.0,231.0,215.0,239.0,254.0,225.0,231.0,220.0,225.0,229.0,215.0,225.0,240.0,,,,
202210280DEN,-294.0,-303.0,-303.0,-286.0,-286.0,-278.0,-303.0,-345.0,-278.0,-312.0,-294.0,-323.0,-357.0,-323.0,-294.0,225.0,276.0,250.0,231.0,225.0,239.0,252.0,276.0,240.0,254.0,225.0,250.0,260.0,260.0,229.0,,,,
202210280MIL,-227.0,-222.0,-238.0,-222.0,-238.0,-217.0,-233.0,-233.0,-217.0,-233.0,-227.0,-250.0,-244.0,-244.0,-238.0,179.0,206.0,198.0,183.0,190.0,189.0,196.0,194.0,192.0,195.0,179.0,204.0,185.0,200.0,195.0,,,,
202210280MIN,-345.0,-312.0,-333.0,-333.0,-333.0,-323.0,-286.0,-323.0,-323.0,-312.0,-345.0,-345.0,-333.0,-345.0,-333.0,263.0,284.0,270.0,267.0,254.0,275.0,284.0,259.0,275.0,254.0,263.0,270.0,245.0,270.0,260.0,,,,
202210280PHO,-333.0,-303.0,-345.0,-333.0,-286.0,-312.0,-312.0,-345.0,-312.0,-333.0,-333.0,-345.0,-357.0,-333.0,-357.0,254.0,276.0,280.0,267.0,235.0,267.0,258.0,274.0,269.0,265.0,254.0,270.0,260.0,265.0,275.0,,,,
202210280POR,-182.0,-172.0,-185.0,-179.0,-182.0,-175.0,-185.0,-179.0,-175.0,-172.0,-182.0,-189.0,-189.0,-182.0,-175.0,145.0,163.0,156.0,150.0,150.0,154.0,158.0,150.0,156.0,143.0,145.0,160.0,145.0,160.0,145.0,,,,
202210280SAS,140.0,158.0,148.0,144.0,145.0,149.0,152.0,143.0,150.0,148.0,140.0,154.0,137.0,154.0,154.0,-175.0,-169.0,-175.0,-172.0,-182.0,-169.0,-179.0,-169.0,-169.0,-175.0,-175.0,-179.0,-175.0,-175.0,-189.0,,,,
202210290BRK,-667.0,-556.0,-625.0,-625.0,-833.0,-625.0,-625.0,-769.0,-625.0,-556.0,-667.0,-667.0,-909.0,-625.0,-625.0,450.0,484.0,459.0,455.0,500.0,495.0,465.0,561.0,499.0,420.0,450.0,450.0,520.0,450.0,450.0,,,,
202210290CHO,359.0,409.0,370.0,380.0,395.0,390.0,395.0,395.0,382.0,350.0,359.0,359.0,370.0,375.0,365.0,-500.0,-455.0,-476.0,-500.0,-556.0,-476.0,-500.0,-526.0,-476.0,-500.0,-500.0,-476.0,-556.0,-500.0,-500.0,,,,
202210290SAC,136.0,149.0,146.0,150.0,140.0,150.0,150.0,145.0,147.0,145.0,136.0,145.0,139.0,145.0,140.0,-169.0,-159.0,-172.0,-179.0,-167.0,-172.0,-175.0,-172.0,-164.0,-172.0,-169.0,-169.0,-179.0,-167.0,-167.0,,,,
202210290CHI,118.0,125.0,118.0,122.0,110.0,124.0,129.0,119.0,127.0,116.0,118.0,120.0,114.0,120.0,114.0,-147.0,-133.0,-139.0,-145.0,-133.0,-141.0,-132.0,-141.0,-143.0,-137.0,-147.0,-141.0,-147.0,-141.0,-139.0,,,,
202210290DAL,-556.0,-455.0,-526.0,-556.0,-556.0,-526.0,-526.0,-526.0,-526.0,-500.0,-556.0,-556.0,-556.0,-500.0,-500.0,390.0,409.0,400.0,415.0,395.0,425.0,415.0,395.0,430.0,370.0,390.0,400.0,370.0,375.0,375.0,,,,
202210290MIL,-217.0,-204.0,-213.0,-213.0,-213.0,-208.0,-213.0,-217.0,-208.0,-222.0,-217.0,-222.0,-227.0,-222.0,-222.0,172.0,193.0,177.0,175.0,165.0,181.0,181.0,181.0,185.0,185.0,172.0,179.0,175.0,179.0,179.0,,,,
202210290UTA,129.0,145.0,135.0,133.0,125.0,140.0,140.0,129.0,140.0,127.0,129.0,140.0,129.0,129.0,135.0,-161.0,-154.0,-159.0,-159.0,-154.0,-159.0,-161.0,-154.0,-156.0,-154.0,-161.0,-161.0,-167.0,-152.0,-161.0,,,,
202210300BOS,-435.0,-400.0,-400.0,-417.0,-455.0,-417.0,-435.0,-435.0,-417.0,-455.0,-435.0,-455.0,-455.0,-455.0,-455.0,320.0,372.0,311.0,325.0,330.0,347.0,350.0,337.0,344.0,334.0,320.0,350.0,320.0,350.0,350.0,,,,
202210300CLE,-164.0,-159.0,-154.0,-161.0,-167.0,-156.0,-147.0,-159.0,-152.0,-179.0,-164.0,-169.0,-167.0,-172.0,-167.0,131.0,149.0,129.0,135.0,135.0,138.0,146.0,134.0,136.0,145.0,131.0,145.0,129.0,150.0,135.0,,,,
202210300DET,229.0,252.0,250.0,240.0,275.0,245.0,258.0,246.0,243.0,235.0,229.0,250.0,235.0,240.0,260.0,-303.0,-270.0,-303.0,-294.0,-370.0,-286.0,-312.0,-303.0,-278.0,-345.0,-303.0,-323.0,-323.0,-303.0,-333.0,,,,
202210300LAC,-130.0,-128.0,-125.0,-127.0,-125.0,-123.0,-116.0,-125.0,-118.0,-132.0,-130.0,-130.0,-132.0,-132.0,-132.0,104.0,120.0,106.0,106.0,104.0,108.0,114.0,106.0,106.0,112.0,104.0,110.0,102.0,110.0,110.0,,,,
202210300SAS,195.0,198.0,215.0,200.0,185.0,206.0,215.0,202.0,206.0,188.0,195.0,190.0,190.0,190.0,190.0,-250.0,-213.0,-263.0,-244.0,-238.0,-238.0,-256.0,-244.0,-233.0,-227.0,-250.0,-233.0,-256.0,-233.0,-238.0,,,,
202210300DAL,-435.0,-357.0,-455.0,-435.0,-400.0,-417.0,-417.0,-500.0,-417.0,-400.0,-435.0,-417.0,-556.0,-400.0,-400.0,320.0,332.0,345.0,337.0,305.0,347.0,333.0,388.0,340.0,320.0,320.0,320.0,359.0,320.0,309.0,,,,
202210300LAL,131.0,129.0,120.0,135.0,114.0,138.0,129.0,118.0,123.0,108.0,131.0,125.0,112.0,125.0,114.0,-164.0,-137.0,-141.0,-161.0,-133.0,-156.0,-149.0,-139.0,-135.0,-128.0,-164.0,-145.0,-145.0,-147.0,-139.0,,,,
202210300PHO,-833.0,-833.0,-909.0,-833.0,-1000.0,-769.0,-909.0,-909.0,-833.0,-769.0,-833.0,-909.0,-1000.0,-909.0,-909.0,535.0,700.0,618.0,570.0,600.0,585.0,640.0,617.0,631.0,540.0,535.0,600.0,560.0,600.0,600.0,,,,
202210310BRK,-294.0,-303.0,-303.0,-286.0,-333.0,-278.0,-323.0,-294.0,-312.0,-294.0,-294.0,-345.0,-312.0,-323.0,-333.0,225.0,276.0,250.0,231.0,254.0,239.0,266.0,243.0,268.0,235.0,225.0,270.0,229.0,260.0,260.0,,,,
202210310CHO,136.0,144.0,125.0,140.0,135.0,144.0,139.0,138.0,142.0,135.0,136.0,140.0,134.0,140.0,125.0,-169.0,-154.0,-149.0,-167.0,-167.0,-164.0,-161.0,-164.0,-156.0,-161.0,-169.0,-161.0,-172.0,-161.0,-154.0,,,,
202210310LAC,-370.0,-333.0,-370.0,-357.0,-400.0,-345.0,-357.0,-385.0,-357.0,-357.0,-370.0,-357.0,-417.0,-370.0,-400.0,280.0,308.0,300.0,284.0,305.0,292.0,292.0,307.0,298.0,285.0,280.0,285.0,290.0,290.0,309.0,,,,
202210310MIL,-833.0,-833.0,-833.0,-833.0,-714.0,-769.0,-769.0,-1111.0,-769.0,-833.0,-833.0,-909.0,-1250.0,-1000.0,-833.0,535.0,740.0,580.0,570.0,490.0,585.0,565.0,718.0,599.0,575.0,535.0,600.0,640.0,650.0,550.0,,,,
202210310TOR,-133.0,-128.0,-128.0,-130.0,-125.0,-127.0,-120.0,-128.0,-128.0,-127.0,-133.0,-130.0,-133.0,-135.0,-133.0,108.0,120.0,110.0,108.0,100.0,112.0,119.0,108.0,114.0,106.0,108.0,110.0,104.0,114.0,110.0,,,,
202210310UTA,137.0,139.0,125.0,142.0,110.0,144.0,125.0,114.0,125.0,120.0,137.0,129.0,116.0,129.0,114.0,-172.0,-147.0,-147.0,-169.0,-133.0,-164.0,-145.0,-135.0,-139.0,-147.0,-172.0,-149.0,-149.0,-152.0,-139.0,,,,
202210310WAS,124.0,125.0,125.0,127.0,114.0,129.0,129.0,117.0,131.0,118.0,124.0,120.0,112.0,120.0,114.0,-154.0,-133.0,-147.0,-152.0,-143.0,-147.0,-152.0,-139.0,-145.0,-139.0,-154.0,-141.0,-143.0,-141.0,-139.0,,,,
202211010BRK,-139.0,-122.0,-133.0,-135.0,-133.0,-132.0,-123.0,-133.0,-132.0,-127.0,-139.0,-135.0,-139.0,-135.0,-128.0,112.0,116.0,112.0,114.0,110.0,116.0,122.0,114.0,123.0,106.0,112.0,114.0,108.0,114.0,104.0,,,,
202211010MIA,-125.0,-108.0,-116.0,-122.0,-118.0,-119.0,-119.0,-116.0,-116.0,-116.0,-125.0,-115.0,-120.0,-116.0,-115.0,100.0,100.0,-102.0,102.0,-105.0,104.0,102.0,-101.0,104.0,-102.0,100.0,-105.0,-105.0,-105.0,-105.0,,,,
202211010OKC,-164.0,-143.0,-169.0,-159.0,-154.0,-156.0,-149.0,-149.0,-152.0,-147.0,-164.0,-161.0,-156.0,-156.0,-149.0,131.0,134.0,143.0,133.0,120.0,138.0,129.0,127.0,137.0,125.0,131.0,140.0,122.0,135.0,125.0,,,,
202211010PHO,-175.0,-164.0,-172.0,-172.0,-154.0,-167.0,-164.0,-169.0,-164.0,-172.0,-175.0,-169.0,-179.0,-175.0,-167.0,140.0,154.0,146.0,144.0,129.0,147.0,141.0,143.0,147.0,145.0,140.0,145.0,138.0,154.0,135.0,,,,
202211020CHI,-250.0,-217.0,-244.0,-244.0,-270.0,-238.0,-227.0,-244.0,-233.0,-238.0,-250.0,-250.0,-250.0,-238.0,-250.0,195.0,202.0,202.0,200.0,215.0,206.0,192.0,200.0,204.0,195.0,195.0,204.0,190.0,195.0,200.0,,,,
202211020CLE,-102.0,106.0,102.0,100.0,-105.0,102.0,112.0,102.0,106.0,106.0,-102.0,104.0,-101.0,100.0,100.0,-122.0,-112.0,-120.0,-119.0,-118.0,-116.0,-114.0,-120.0,-118.0,-128.0,-122.0,-125.0,-125.0,-120.0,-120.0,,,,
202211020DAL,-256.0,-233.0,-270.0,-250.0,-250.0,-244.0,-244.0,-256.0,-244.0,-250.0,-256.0,-263.0,-270.0,-250.0,-278.0,200.0,217.0,220.0,204.0,200.0,212.0,204.0,211.0,213.0,200.0,200.0,210.0,200.0,210.0,220.0,,,,
202211020HOU,183.0,193.0,185.0,188.0,175.0,193.0,192.0,189.0,194.0,190.0,183.0,190.0,179.0,185.0,185.0,-233.0,-204.0,-222.0,-227.0,-222.0,-222.0,-227.0,-227.0,-217.0,-233.0,-233.0,-233.0,-238.0,-227.0,-227.0,,,,
202211020LAL,114.0,120.0,118.0,114.0,110.0,118.0,114.0,112.0,112.0,123.0,114.0,114.0,108.0,120.0,120.0,-141.0,-128.0,-139.0,-137.0,-133.0,-133.0,-133.0,-133.0,-123.0,-147.0,-141.0,-135.0,-139.0,-141.0,-143.0,,,,
202211020MIA,-189.0,-179.0,-189.0,-185.0,-182.0,-179.0,-192.0,-179.0,-179.0,-172.0,-189.0,-200.0,-185.0,-185.0,-175.0,150.0,168.0,159.0,154.0,150.0,156.0,164.0,150.0,159.0,145.0,150.0,170.0,144.0,165.0,145.0,,,,
202211020MIL,-667.0,-556.0,-625.0,-625.0,-667.0,-588.0,-625.0,-667.0,-625.0,-588.0,-667.0,-714.0,-714.0,-667.0,-625.0,450.0,484.0,459.0,455.0,450.0,470.0,484.0,476.0,487.0,430.0,450.0,475.0,440.0,475.0,450.0,,,,
202211020NYK,-141.0,-133.0,-139.0,-137.0,-143.0,-133.0,-133.0,-139.0,-133.0,-130.0,-141.0,-141.0,-145.0,-141.0,-133.0,114.0,125.0,118.0,114.0,114.0,118.0,114.0,118.0,120.0,110.0,114.0,120.0,112.0,120.0,110.0,,,,
202211020PHI,-233.0,-204.0,-222.0,-227.0,-222.0,-222.0,-217.0,-227.0,-213.0,-222.0,-233.0,-233.0,-233.0,-227.0,-222.0,183.0,193.0,185.0,188.0,179.0,193.0,184.0,189.0,190.0,185.0,183.0,190.0,179.0,185.0,179.0,,,,
202211020POR,179.0,175.0,181.0,183.0,179.0,189.0,188.0,179.0,181.0,163.0,179.0,175.0,170.0,175.0,170.0,-227.0,-189.0,-217.0,-222.0,-222.0,-217.0,-189.0,-213.0,-204.0,-192.0,-227.0,-208.0,-222.0,-213.0,-208.0,,,,
202211020SAS,200.0,238.0,206.0,204.0,200.0,212.0,215.0,215.0,209.0,220.0,200.0,210.0,204.0,215.0,220.0,-256.0,-256.0,-250.0,-250.0,-250.0,-244.0,-256.0,-263.0,-238.0,-270.0,-256.0,-263.0,-270.0,-263.0,-278.0,,,,
202211030OKC,200.0,222.0,212.0,204.0,204.0,212.0,220.0,217.0,220.0,200.0,200.0,210.0,204.0,215.0,200.0,-256.0,-238.0,-256.0,-250.0,-270.0,-244.0,-263.0,-263.0,-250.0,-244.0,-256.0,-263.0,-278.0,-263.0,-250.0,,,,
202211030ORL,320.0,351.0,325.0,325.0,334.0,334.0,390.0,350.0,344.0,340.0,320.0,350.0,330.0,325.0,325.0,-435.0,-385.0,-417.0,-417.0,-455.0,-400.0,-400.0,-455.0,-417.0,-435.0,-435.0,-455.0,-476.0,-435.0,-435.0,,,,
202211040BOS,-286.0,-222.0,-294.0,-278.0,-286.0,-270.0,-256.0,-286.0,-270.0,-278.0,-286.0,-278.0,-303.0,-278.0,-303.0,220.0,206.0,240.0,225.0,220.0,233.0,254.0,236.0,235.0,215.0,220.0,229.0,225.0,225.0,240.0,,,,
202211040DET,137.0,144.0,143.0,142.0,135.0,144.0,148.0,140.0,152.0,140.0,137.0,145.0,134.0,145.0,135.0,-172.0,-154.0,-169.0,-169.0,-167.0,-164.0,-172.0,-167.0,-169.0,-167.0,-172.0,-169.0,-172.0,-167.0,-164.0,,,,
202211040IND,124.0,134.0,135.0,131.0,120.0,133.0,134.0,131.0,136.0,127.0,127.0,140.0,125.0,135.0,135.0,-154.0,-143.0,-159.0,-156.0,-143.0,-152.0,-156.0,-154.0,-152.0,-154.0,-159.0,-161.0,-161.0,-156.0,-167.0,,,,
202211040PHI,-182.0,-164.0,-175.0,-175.0,-125.0,-172.0,-123.0,-122.0,-120.0,-133.0,-182.0,-120.0,-128.0,-120.0,-133.0,145.0,154.0,148.0,147.0,104.0,150.0,106.0,104.0,108.0,112.0,145.0,100.0,100.0,100.0,110.0,,,,
202211040SAS,131.0,149.0,140.0,135.0,129.0,138.0,141.0,139.0,145.0,135.0,131.0,140.0,133.0,145.0,140.0,-164.0,-159.0,-164.0,-161.0,-167.0,-156.0,-164.0,-164.0,-161.0,-164.0,-164.0,-161.0,-172.0,-167.0,-167.0,,,,
202211040WAS,-147.0,-143.0,-154.0,-145.0,-133.0,-141.0,-156.0,-149.0,-147.0,-149.0,-147.0,-149.0,-156.0,-152.0,-143.0,118.0,134.0,129.0,122.0,110.0,124.0,134.0,127.0,131.0,125.0,118.0,129.0,122.0,129.0,120.0,,,,
202211040DAL,-175.0,-172.0,-175.0,-172.0,-192.0,-169.0,-185.0,-169.0,-169.0,-175.0,-175.0,-179.0,-175.0,-182.0,-189.0,140.0,163.0,148.0,144.0,150.0,149.0,158.0,143.0,152.0,148.0,140.0,154.0,137.0,160.0,154.0,-172.0,148.0,,
202211040LAL,-167.0,-159.0,-154.0,-164.0,-154.0,-154.0,-161.0,-159.0,-149.0,-161.0,-161.0,-169.0,-164.0,-167.0,-167.0,134.0,149.0,129.0,138.0,125.0,135.0,140.0,134.0,136.0,135.0,129.0,145.0,127.0,145.0,140.0,-161.0,138.0,,
202211040MEM,-625.0,-556.0,-625.0,-588.0,-714.0,-588.0,-588.0,-769.0,-588.0,-625.0,-625.0,-667.0,-833.0,-667.0,-625.0,430.0,484.0,459.0,434.0,480.0,470.0,450.0,544.0,454.0,409.0,430.0,450.0,500.0,475.0,450.0,-588.0,450.0,,
202211040MIN,108.0,116.0,112.0,108.0,100.0,112.0,122.0,110.0,110.0,108.0,108.0,110.0,106.0,104.0,104.0,-133.0,-122.0,-133.0,-130.0,-125.0,-127.0,-123.0,-130.0,-120.0,-128.0,-133.0,-130.0,-135.0,-125.0,-125.0,110.0,-128.0,,
202211040NOP,-526.0,-385.0,-526.0,-500.0,-556.0,-500.0,-417.0,-556.0,-500.0,-526.0,-526.0,-556.0,-588.0,-556.0,-556.0,375.0,346.0,400.0,380.0,409.0,409.0,333.0,413.0,397.0,400.0,375.0,400.0,390.0,425.0,400.0,-500.0,392.0,,
202211040PHO,-769.0,-625.0,-833.0,-769.0,-833.0,-714.0,-625.0,-833.0,-769.0,-667.0,-769.0,-714.0,-909.0,-714.0,-714.0,505.0,560.0,575.0,540.0,525.0,555.0,484.0,564.0,579.0,480.0,505.0,475.0,520.0,500.0,500.0,-769.0,560.0,,
202211050ATL,-133.0,-133.0,-128.0,-130.0,-118.0,-127.0,-120.0,-132.0,-120.0,-128.0,-133.0,-130.0,-137.0,-132.0,-133.0,108.0,125.0,110.0,108.0,100.0,112.0,104.0,110.0,108.0,108.0,108.0,110.0,106.0,110.0,110.0,-130.0,112.0,,
202211050CHO,134.0,144.0,138.0,138.0,129.0,140.0,158.0,135.0,149.0,138.0,134.0,140.0,129.0,140.0,135.0,-167.0,-154.0,-164.0,-164.0,-154.0,-159.0,-185.0,-159.0,-167.0,-167.0,-167.0,-161.0,-167.0,-161.0,-161.0,138.0,-161.0,,
202211050NYK,143.0,154.0,138.0,147.0,140.0,149.0,160.0,145.0,149.0,145.0,143.0,154.0,139.0,150.0,150.0,-179.0,-164.0,-164.0,-175.0,-167.0,-169.0,-161.0,-172.0,-167.0,-172.0,-179.0,-179.0,-179.0,-172.0,-182.0,148.0,-172.0,,
202211050ORL,152.0,184.0,162.0,156.0,150.0,162.0,174.0,154.0,159.0,154.0,104.0,160.0,149.0,160.0,154.0,-192.0,-196.0,-192.0,-189.0,-182.0,-185.0,-204.0,-185.0,-179.0,-189.0,-130.0,-189.0,-192.0,-182.0,-189.0,161.0,-189.0,,
202211050DEN,-625.0,-556.0,-625.0,-588.0,-625.0,-556.0,-625.0,-588.0,-588.0,-588.0,-625.0,-667.0,-625.0,-625.0,-667.0,430.0,484.0,459.0,434.0,440.0,445.0,470.0,436.0,465.0,440.0,430.0,450.0,400.0,450.0,475.0,-588.0,450.0,,
202211050MIL,-233.0,-185.0,-222.0,-217.0,-222.0,-222.0,-196.0,-222.0,-208.0,-208.0,-233.0,-222.0,-233.0,-222.0,-222.0,183.0,173.0,185.0,179.0,175.0,193.0,167.0,184.0,184.0,175.0,183.0,179.0,175.0,179.0,179.0,-217.0,185.0,,
202211050MIN,-345.0,-286.0,-323.0,-333.0,-333.0,-323.0,-294.0,-312.0,-303.0,-312.0,-345.0,-323.0,-323.0,-323.0,-333.0,263.0,264.0,260.0,267.0,265.0,275.0,244.0,250.0,257.0,245.0,263.0,250.0,240.0,254.0,260.0,-333.0,274.0,,
202211050PHO,-667.0,-588.0,-625.0,-625.0,-667.0,-588.0,-526.0,-588.0,-625.0,-588.0,-667.0,-714.0,-625.0,-667.0,-588.0,450.0,520.0,459.0,455.0,459.0,470.0,409.0,444.0,499.0,430.0,450.0,475.0,420.0,475.0,425.0,-625.0,475.0,,
202211060LAC,-167.0,-164.0,-154.0,-167.0,-154.0,-164.0,-164.0,-164.0,-156.0,-161.0,-169.0,-169.0,-169.0,-172.0,-167.0,134.0,154.0,131.0,140.0,125.0,144.0,141.0,138.0,141.0,135.0,136.0,145.0,133.0,150.0,140.0,-161.0,138.0,,
202211060LAL,162.0,188.0,177.0,168.0,165.0,175.0,177.0,175.0,174.0,175.0,165.0,179.0,165.0,179.0,185.0,-204.0,-200.0,-213.0,-204.0,-200.0,-200.0,-179.0,-208.0,-196.0,-217.0,-208.0,-222.0,-217.0,-222.0,-227.0,125.0,-147.0,,
202211060MEM,-526.0,-385.0,-435.0,-385.0,-400.0,-385.0,-400.0,-455.0,-370.0,-435.0,-400.0,-435.0,-476.0,-435.0,-417.0,375.0,351.0,340.0,300.0,309.0,323.0,325.0,350.0,315.0,340.0,300.0,340.0,330.0,325.0,325.0,-385.0,312.0,,
202211060TOR,-120.0,-164.0,-175.0,-175.0,-175.0,-172.0,-189.0,-172.0,-172.0,-167.0,-182.0,-179.0,-179.0,-172.0,-169.0,-103.0,154.0,148.0,147.0,140.0,150.0,160.0,145.0,154.0,140.0,145.0,154.0,139.0,150.0,140.0,-175.0,150.0,,
202211070CHO,-130.0,-122.0,-125.0,-127.0,-125.0,-123.0,-130.0,-127.0,-120.0,-127.0,-130.0,-130.0,-132.0,-132.0,-128.0,104.0,116.0,106.0,106.0,100.0,108.0,112.0,108.0,108.0,106.0,104.0,110.0,104.0,110.0,104.0,-127.0,108.0,,
202211070DET,104.0,116.0,110.0,108.0,100.0,110.0,110.0,108.0,108.0,104.0,104.0,110.0,104.0,110.0,110.0,-130.0,-122.0,-130.0,-128.0,-118.0,-125.0,-128.0,-127.0,-120.0,-125.0,-130.0,-130.0,-132.0,-132.0,-128.0,108.0,-127.0,,
202211070IND,160.0,175.0,165.0,160.0,154.0,165.0,167.0,169.0,177.0,170.0,160.0,170.0,160.0,170.0,165.0,-200.0,-189.0,-196.0,-192.0,-192.0,-189.0,-196.0,-200.0,-200.0,-204.0,-200.0,-200.0,-204.0,-200.0,-200.0,164.0,-192.0,,
202211070ORL,-200.0,-189.0,-196.0,-196.0,-200.0,-192.0,-200.0,-196.0,-189.0,-192.0,-200.0,-200.0,-204.0,-200.0,-189.0,160.0,175.0,165.0,164.0,160.0,168.0,170.0,164.0,167.0,160.0,160.0,170.0,154.0,170.0,154.0,-192.0,164.0,,
202211070PHI,125.0,106.0,100.0,119.0,100.0,124.0,119.0,108.0,114.0,100.0,100.0,100.0,104.0,104.0,104.0,-156.0,-112.0,-118.0,-141.0,-125.0,-141.0,-120.0,-128.0,-127.0,-118.0,-123.0,-120.0,-133.0,-125.0,-125.0,120.0,-139.0,,
202211070ATL,162.0,175.0,185.0,166.0,170.0,171.0,181.0,177.0,173.0,170.0,170.0,179.0,175.0,179.0,179.0,-204.0,-189.0,-222.0,-200.0,-213.0,-196.0,-213.0,-213.0,-196.0,-208.0,-213.0,-222.0,-227.0,-222.0,-222.0,177.0,-208.0,,
202211070CHI,-139.0,-128.0,-133.0,-135.0,-118.0,-132.0,-139.0,-127.0,-115.0,-130.0,-139.0,-135.0,-132.0,-135.0,-143.0,112.0,120.0,112.0,114.0,-105.0,116.0,120.0,108.0,104.0,110.0,112.0,114.0,104.0,114.0,120.0,-133.0,114.0,,
202211070DAL,-238.0,-213.0,-250.0,-233.0,-222.0,-227.0,-233.0,-233.0,-227.0,-222.0,-238.0,-233.0,-244.0,-233.0,-227.0,187.0,198.0,206.0,192.0,179.0,197.0,196.0,193.0,198.0,185.0,187.0,190.0,185.0,190.0,185.0,-227.0,192.0,,
202211070MEM,127.0,149.0,127.0,131.0,129.0,133.0,165.0,144.0,152.0,135.0,127.0,140.0,136.0,145.0,140.0,-159.0,-159.0,-152.0,-156.0,-154.0,-152.0,-167.0,-169.0,-172.0,-161.0,-159.0,-161.0,-175.0,-167.0,-167.0,131.0,-154.0,,
202211070MIA,-213.0,-189.0,-208.0,-208.0,-192.0,-204.0,-217.0,-213.0,-208.0,-208.0,-213.0,-208.0,-222.0,-200.0,-222.0,170.0,175.0,174.0,170.0,154.0,177.0,184.0,177.0,185.0,163.0,170.0,175.0,170.0,170.0,179.0,-208.0,177.0,,
202211070MIN,-147.0,-133.0,-145.0,-145.0,-143.0,-141.0,-152.0,-145.0,-143.0,-143.0,-147.0,-141.0,-154.0,-141.0,-139.0,118.0,125.0,122.0,122.0,114.0,124.0,129.0,123.0,127.0,120.0,118.0,120.0,120.0,120.0,114.0,-143.0,123.0,,
202211070SAS,229.0,260.0,240.0,245.0,229.0,252.0,238.0,254.0,250.0,254.0,229.0,250.0,240.0,250.0,260.0,-303.0,-278.0,-294.0,-303.0,-286.0,-294.0,-286.0,-312.0,-294.0,-312.0,-303.0,-323.0,-323.0,-312.0,-333.0,245.0,-294.0,,
202211070GSW,-312.0,-303.0,-303.0,-303.0,-333.0,-294.0,-345.0,-333.0,-312.0,-333.0,-312.0,-345.0,-345.0,-333.0,-333.0,240.0,276.0,247.0,245.0,254.0,252.0,286.0,268.0,265.0,254.0,240.0,270.0,254.0,265.0,260.0,-303.0,250.0,,
202211070LAC,140.0,150.0,152.0,142.0,135.0,147.0,145.0,139.0,139.0,145.0,140.0,154.0,136.0,154.0,135.0,-175.0,-159.0,-182.0,-169.0,-167.0,-167.0,-169.0,-164.0,-154.0,-172.0,-175.0,-179.0,-175.0,-175.0,-164.0,145.0,-169.0,,
202211070UTA,-278.0,-244.0,-278.0,-270.0,-286.0,-263.0,-256.0,-303.0,-270.0,-263.0,-278.0,-278.0,-312.0,-270.0,-278.0,215.0,227.0,229.0,220.0,220.0,227.0,215.0,245.0,231.0,204.0,215.0,229.0,235.0,220.0,220.0,-270.0,225.0,,
202211090IND,160.0,188.0,165.0,164.0,165.0,168.0,158.0,167.0,165.0,154.0,160.0,170.0,160.0,170.0,179.0,-200.0,-200.0,-196.0,-196.0,-200.0,-192.0,-185.0,-200.0,-185.0,-185.0,-200.0,-200.0,-208.0,-200.0,-222.0,164.0,-192.0,,
202211090ORL,263.0,316.0,300.0,275.0,275.0,275.0,286.0,313.0,276.0,280.0,263.0,309.0,295.0,300.0,290.0,-345.0,-345.0,-370.0,-345.0,-370.0,-323.0,-345.0,-400.0,-323.0,-357.0,-345.0,-400.0,-417.0,-385.0,-385.0,274.0,-333.0,,
202211090ATL,-175.0,-179.0,-182.0,-189.0,-175.0,-172.0,-182.0,-179.0,-167.0,-179.0,-179.0,-189.0,-189.0,-185.0,-189.0,140.0,168.0,152.0,156.0,140.0,150.0,156.0,152.0,150.0,150.0,143.0,160.0,145.0,165.0,154.0,-169.0,145.0,,
202211090BOS,-909.0,-833.0,-833.0,-909.0,-833.0,-833.0,-833.0,-909.0,-769.0,-909.0,-909.0,-909.0,-1000.0,-909.0,-909.0,570.0,700.0,580.0,610.0,575.0,625.0,600.0,600.0,595.0,600.0,570.0,600.0,540.0,600.0,575.0,-833.0,595.0,,
202211090BRK,-154.0,-143.0,-159.0,-152.0,-154.0,-149.0,-156.0,-154.0,-147.0,-159.0,-154.0,-149.0,-161.0,-152.0,-161.0,124.0,134.0,135.0,127.0,125.0,131.0,134.0,131.0,134.0,135.0,124.0,129.0,125.0,129.0,135.0,-149.0,127.0,,
202211090CHI,108.0,116.0,110.0,-103.0,100.0,114.0,112.0,110.0,116.0,102.0,108.0,110.0,106.0,110.0,110.0,-135.0,-122.0,-128.0,-115.0,-125.0,-130.0,-130.0,-130.0,-128.0,-120.0,-135.0,-130.0,-135.0,-132.0,-132.0,114.0,-132.0,,
202211090CHO,100.0,116.0,106.0,112.0,100.0,104.0,108.0,102.0,104.0,112.0,100.0,110.0,-101.0,110.0,104.0,-123.0,-122.0,-125.0,-133.0,-125.0,-119.0,-127.0,-120.0,-118.0,-137.0,-123.0,-130.0,-127.0,-132.0,-125.0,104.0,-120.0,,
202211090LAC,-159.0,-143.0,-159.0,-156.0,-154.0,-152.0,-143.0,-154.0,-149.0,-154.0,-159.0,-149.0,-159.0,-152.0,-154.0,127.0,134.0,135.0,131.0,120.0,133.0,141.0,129.0,135.0,127.0,127.0,129.0,125.0,129.0,125.0,-154.0,131.0,,
202211090MIN,-132.0,-122.0,-128.0,-125.0,-125.0,-127.0,-123.0,-130.0,-127.0,-122.0,-132.0,-130.0,-132.0,-132.0,-120.0,106.0,116.0,108.0,104.0,104.0,112.0,122.0,110.0,114.0,102.0,106.0,110.0,104.0,110.0,100.0,-127.0,108.0,,
202211090OKC,-106.0,106.0,100.0,-104.0,-105.0,-102.0,102.0,100.0,106.0,-103.0,-106.0,-105.0,-104.0,-105.0,-105.0,-116.0,-112.0,-118.0,-114.0,-118.0,-111.0,-118.0,-118.0,-118.0,-115.0,-116.0,-115.0,-122.0,-116.0,-115.0,-103.0,-112.0,,
202211090SAC,154.0,163.0,159.0,160.0,150.0,165.0,158.0,154.0,161.0,150.0,154.0,154.0,148.0,160.0,150.0,-196.0,-172.0,-189.0,-192.0,-182.0,-189.0,-185.0,-182.0,-179.0,-175.0,-196.0,-179.0,-192.0,-182.0,-182.0,161.0,-189.0,,
202211090SAS,183.0,202.0,185.0,183.0,179.0,189.0,202.0,187.0,190.0,185.0,183.0,190.0,179.0,195.0,179.0,-233.0,-217.0,-222.0,-222.0,-222.0,-217.0,-238.0,-222.0,-213.0,-217.0,-233.0,-233.0,-233.0,-238.0,-222.0,188.0,-222.0,,
202211090TOR,-455.0,-455.0,-500.0,-455.0,-500.0,-435.0,-476.0,-500.0,-435.0,-455.0,-455.0,-476.0,-526.0,-500.0,-500.0,334.0,409.0,380.0,350.0,350.0,359.0,375.0,379.0,355.0,359.0,334.0,359.0,350.0,375.0,359.0,-455.0,359.0,,
202211100MIA,-588.0,-556.0,-556.0,-556.0,-556.0,-526.0,-455.0,-556.0,-526.0,-556.0,-588.0,-667.0,-588.0,-625.0,-556.0,409.0,484.0,420.0,415.0,400.0,425.0,445.0,413.0,429.0,420.0,409.0,450.0,380.0,450.0,400.0,-556.0,429.0,,
202211100WAS,183.0,198.0,189.0,192.0,170.0,193.0,196.0,200.0,198.0,179.0,183.0,190.0,190.0,195.0,185.0,-233.0,-213.0,-227.0,-233.0,-213.0,-222.0,-233.0,-244.0,-222.0,-222.0,-233.0,-233.0,-256.0,-238.0,-227.0,192.0,-227.0,,
202211100ATL,-115.0,-112.0,-118.0,-112.0,-111.0,-110.0,-112.0,-115.0,-111.0,-115.0,-115.0,-120.0,-120.0,-120.0,-115.0,-108.0,106.0,100.0,-105.0,-111.0,-103.0,-103.0,-102.0,100.0,-103.0,-108.0,100.0,-106.0,100.0,-105.0,-111.0,-104.0,,
202211100NOP,-370.0,-357.0,-435.0,-370.0,-400.0,-357.0,-400.0,-556.0,-400.0,-400.0,-370.0,-417.0,-588.0,-435.0,-385.0,280.0,324.0,340.0,293.0,295.0,300.0,325.0,411.0,334.0,309.0,280.0,320.0,380.0,325.0,290.0,-357.0,292.0,,
202211110BOS,-189.0,-179.0,-182.0,-182.0,-182.0,-179.0,-196.0,-200.0,-175.0,-167.0,-189.0,-189.0,-189.0,-175.0,-189.0,150.0,166.0,152.0,152.0,145.0,156.0,167.0,149.0,156.0,138.0,150.0,160.0,145.0,154.0,154.0,-182.0,154.0,,
202211110GSW,-159.0,-143.0,-159.0,-154.0,-154.0,-152.0,-143.0,-130.0,-149.0,-141.0,-159.0,-161.0,-156.0,-156.0,-143.0,127.0,134.0,135.0,129.0,120.0,133.0,141.0,-102.0,134.0,118.0,127.0,140.0,122.0,135.0,120.0,-152.0,129.0,,
202211110LAL,137.0,149.0,152.0,142.0,145.0,144.0,158.0,127.0,160.0,135.0,137.0,145.0,141.0,154.0,135.0,-172.0,-159.0,-182.0,-169.0,-182.0,-164.0,-185.0,-169.0,-179.0,-167.0,-172.0,-169.0,-182.0,-175.0,-161.0,143.0,-167.0,,
202211110MEM,-179.0,-169.0,-175.0,-175.0,-167.0,-172.0,-159.0,-204.0,-164.0,-167.0,-179.0,-179.0,-179.0,-175.0,-175.0,143.0,158.0,148.0,147.0,135.0,150.0,156.0,150.0,148.0,140.0,143.0,154.0,140.0,154.0,145.0,-172.0,148.0,,
202211110NYK,-385.0,-357.0,-400.0,-385.0,-400.0,-370.0,-370.0,-357.0,-370.0,-385.0,-385.0,-417.0,-476.0,-435.0,-455.0,290.0,324.0,315.0,300.0,309.0,312.0,305.0,249.0,307.0,300.0,290.0,320.0,320.0,325.0,333.0,-370.0,300.0,,
202211110OKC,165.0,181.0,167.0,168.0,154.0,175.0,167.0,167.0,175.0,175.0,165.0,175.0,165.0,175.0,154.0,-208.0,-196.0,-200.0,-204.0,-192.0,-200.0,-196.0,-227.0,-196.0,-213.0,-208.0,-208.0,-213.0,-213.0,-189.0,174.0,-204.0,,
202211110ORL,225.0,244.0,240.0,231.0,252.0,239.0,244.0,213.0,229.0,235.0,225.0,240.0,235.0,235.0,229.0,-294.0,-263.0,-294.0,-286.0,-294.0,-278.0,-294.0,-303.0,-263.0,-294.0,-294.0,-303.0,-312.0,-294.0,-294.0,231.0,-278.0,,
202211110SAS,-130.0,-119.0,-125.0,-127.0,-118.0,-125.0,-125.0,-125.0,-123.0,-127.0,-130.0,-125.0,-132.0,-125.0,-120.0,104.0,112.0,106.0,106.0,-105.0,110.0,108.0,-106.0,112.0,106.0,104.0,104.0,102.0,104.0,100.0,-127.0,108.0,,
202211120LAC,-123.0,-118.0,-120.0,-120.0,-125.0,-118.0,-110.0,,-116.0,-120.0,-123.0,-120.0,-125.0,-125.0,-120.0,100.0,110.0,102.0,102.0,100.0,104.0,108.0,,104.0,102.0,100.0,100.0,-102.0,104.0,100.0,-119.0,102.0,,
202211120WAS,148.0,154.0,148.0,150.0,135.0,154.0,158.0,,150.0,143.0,148.0,154.0,140.0,150.0,145.0,-185.0,-164.0,-175.0,-179.0,-167.0,-175.0,-185.0,,-164.0,-172.0,-185.0,-179.0,-179.0,-172.0,-175.0,152.0,-179.0,,
202211120DAL,-256.0,-217.0,-256.0,-250.0,-238.0,-233.0,-222.0,,-244.0,-233.0,-256.0,-263.0,-256.0,-263.0,-238.0,200.0,202.0,212.0,204.0,190.0,202.0,220.0,,215.0,190.0,200.0,210.0,195.0,215.0,190.0,-233.0,196.0,,
202211120DET,290.0,292.0,300.0,300.0,295.0,292.0,282.0,,292.0,260.0,290.0,285.0,260.0,280.0,309.0,-385.0,-312.0,-370.0,-385.0,-400.0,-345.0,-345.0,,-345.0,-312.0,-385.0,-357.0,-357.0,-370.0,-400.0,300.0,-370.0,,
202211120IND,-147.0,-143.0,-143.0,-145.0,-133.0,-141.0,-147.0,,-139.0,-132.0,-147.0,-141.0,-147.0,-141.0,-139.0,118.0,134.0,121.0,122.0,110.0,124.0,127.0,,125.0,112.0,118.0,120.0,114.0,120.0,114.0,-143.0,123.0,,
202211120MIA,-345.0,-303.0,-345.0,-345.0,-370.0,-333.0,-370.0,,-333.0,-345.0,-345.0,-345.0,-370.0,-333.0,-333.0,263.0,276.0,280.0,275.0,270.0,283.0,305.0,,287.0,275.0,263.0,280.0,265.0,265.0,260.0,-333.0,274.0,,
202211120NOP,-526.0,-500.0,-500.0,-526.0,-500.0,-500.0,-526.0,,-476.0,-556.0,-526.0,-556.0,-588.0,-556.0,-500.0,375.0,445.0,384.0,400.0,355.0,409.0,420.0,,382.0,409.0,375.0,400.0,380.0,425.0,375.0,-500.0,392.0,,
202211120PHI,-147.0,-143.0,-143.0,-143.0,-143.0,-139.0,-147.0,,-141.0,-147.0,-147.0,-149.0,-149.0,-152.0,-143.0,118.0,134.0,121.0,120.0,114.0,123.0,127.0,,125.0,125.0,118.0,129.0,117.0,129.0,120.0,-141.0,121.0,,
202211130NYK,-217.0,-196.0,-213.0,-213.0,-192.0,-204.0,-227.0,,-204.0,-200.0,-217.0,-208.0,-222.0,-213.0,-200.0,172.0,181.0,177.0,175.0,154.0,177.0,192.0,,183.0,170.0,172.0,175.0,170.0,175.0,165.0,-208.0,177.0,,
202211130CHI,102.0,110.0,-101.0,104.0,100.0,106.0,112.0,,106.0,104.0,104.0,104.0,100.0,104.0,100.0,-127.0,-118.0,-116.0,-123.0,-125.0,-120.0,-114.0,,-118.0,-123.0,-130.0,-125.0,-128.0,-125.0,-120.0,104.0,-122.0,,
202211130CLE,-130.0,-109.0,-108.0,-127.0,-111.0,-123.0,-114.0,,-110.0,-123.0,-130.0,-115.0,-116.0,-116.0,-120.0,104.0,102.0,-110.0,106.0,-111.0,108.0,-102.0,,100.0,104.0,104.0,-105.0,-109.0,-105.0,100.0,-127.0,108.0,,
202211130PHI,-175.0,-159.0,-164.0,-172.0,-154.0,-169.0,-167.0,,-154.0,-175.0,-175.0,-161.0,-169.0,-167.0,-161.0,140.0,149.0,140.0,144.0,129.0,149.0,143.0,,140.0,145.0,140.0,140.0,131.0,145.0,135.0,-172.0,148.0,,
202211130SAC,140.0,163.0,141.0,144.0,140.0,149.0,150.0,,152.0,148.0,140.0,160.0,141.0,160.0,154.0,-175.0,-172.0,-167.0,-172.0,-167.0,-169.0,-175.0,,-169.0,-175.0,-175.0,-189.0,-182.0,-182.0,-189.0,148.0,-172.0,,
202211130WAS,-120.0,-118.0,-115.0,-119.0,-118.0,-116.0,-127.0,,-114.0,-127.0,-120.0,-125.0,-125.0,-125.0,-125.0,-103.0,110.0,-102.0,100.0,-105.0,102.0,108.0,,102.0,106.0,-103.0,104.0,-102.0,104.0,104.0,-118.0,100.0,,
202211130LAL,154.0,175.0,163.0,156.0,165.0,162.0,186.0,,167.0,160.0,154.0,175.0,160.0,170.0,165.0,-196.0,-189.0,-196.0,-189.0,-213.0,-185.0,-189.0,,-189.0,-200.0,-196.0,-208.0,-204.0,-200.0,-200.0,161.0,-189.0,,
202211140BOS,-625.0,-625.0,-667.0,-625.0,-625.0,-588.0,-588.0,-667.0,-667.0,-714.0,-625.0,-714.0,-714.0,-769.0,-625.0,430.0,560.0,484.0,455.0,430.0,470.0,450.0,492.0,504.0,480.0,430.0,475.0,459.0,525.0,450.0,-588.0,450.0,,
202211140DET,152.0,168.0,152.0,156.0,154.0,162.0,152.0,156.0,163.0,154.0,152.0,160.0,150.0,165.0,154.0,-192.0,-179.0,-182.0,-189.0,-192.0,-185.0,-179.0,-185.0,-182.0,-182.0,-192.0,-189.0,-196.0,-185.0,-189.0,158.0,-185.0,,
202211140GSW,-417.0,-357.0,-400.0,-400.0,-400.0,-385.0,-385.0,-476.0,-370.0,-400.0,-417.0,-417.0,-500.0,-400.0,-385.0,309.0,324.0,315.0,313.0,309.0,323.0,315.0,367.0,311.0,300.0,309.0,320.0,340.0,320.0,300.0,-400.0,323.0,,
202211140HOU,172.0,175.0,174.0,168.0,160.0,175.0,174.0,171.0,186.0,154.0,165.0,170.0,165.0,170.0,179.0,-217.0,-189.0,-208.0,-204.0,-200.0,-200.0,-204.0,-204.0,-208.0,-182.0,-208.0,-200.0,-213.0,-200.0,-222.0,174.0,-204.0,,
202211140MIA,-147.0,-133.0,-118.0,-145.0,-143.0,-141.0,-128.0,-139.0,-135.0,-143.0,-147.0,-141.0,-145.0,-141.0,-139.0,118.0,125.0,100.0,122.0,114.0,124.0,127.0,119.0,123.0,120.0,118.0,120.0,114.0,120.0,114.0,-143.0,123.0,,
202211140MIL,-179.0,-169.0,-164.0,-175.0,-167.0,-169.0,-159.0,-164.0,-161.0,-172.0,-179.0,-149.0,-169.0,-175.0,-167.0,143.0,158.0,140.0,147.0,140.0,149.0,136.0,138.0,146.0,143.0,143.0,129.0,133.0,154.0,140.0,-172.0,148.0,,
202211140ORL,102.0,110.0,104.0,104.0,104.0,106.0,104.0,102.0,108.0,-102.0,102.0,104.0,-101.0,104.0,-105.0,-127.0,-118.0,-123.0,-123.0,-125.0,-120.0,-122.0,-120.0,-120.0,-116.0,-127.0,-125.0,-127.0,-125.0,-115.0,104.0,-122.0,,
202211150DAL,-263.0,-233.0,-270.0,-256.0,-250.0,-250.0,-233.0,-256.0,-250.0,-244.0,-263.0,-263.0,-270.0,-250.0,-238.0,204.0,217.0,222.0,210.0,204.0,216.0,229.0,213.0,216.0,200.0,204.0,210.0,204.0,210.0,195.0,-256.0,215.0,,
202211150NOP,-118.0,-115.0,-123.0,-115.0,-125.0,-112.0,-120.0,-118.0,-114.0,-118.0,-118.0,-120.0,-122.0,-120.0,-120.0,-105.0,108.0,104.0,-103.0,100.0,-101.0,104.0,100.0,102.0,100.0,-105.0,100.0,-104.0,100.0,100.0,-114.0,-102.0,,
202211150SAC,-123.0,-122.0,-123.0,-120.0,-125.0,-118.0,-128.0,-122.0,-120.0,-122.0,-123.0,-130.0,-128.0,-132.0,-120.0,100.0,116.0,104.0,102.0,100.0,104.0,110.0,104.0,108.0,102.0,100.0,110.0,100.0,110.0,100.0,-119.0,102.0,,
202211150UTA,-192.0,-169.0,-200.0,-189.0,-182.0,-185.0,-175.0,-182.0,-179.0,-185.0,-192.0,-179.0,-189.0,-175.0,-182.0,152.0,158.0,168.0,156.0,150.0,162.0,150.0,152.0,158.0,154.0,152.0,154.0,146.0,154.0,150.0,-185.0,158.0,,
202211150POR,-345.0,-303.0,-385.0,-333.0,-370.0,-323.0,-333.0,-370.0,-323.0,-312.0,-345.0,-345.0,-385.0,-345.0,-333.0,263.0,280.0,301.0,267.0,270.0,275.0,274.0,294.0,279.0,260.0,263.0,280.0,280.0,270.0,260.0,-333.0,274.0,,
202211160ATL,-108.0,106.0,-105.0,-105.0,-111.0,-103.0,-108.0,-108.0,-102.0,-109.0,-108.0,-110.0,-111.0,-111.0,-105.0,-115.0,-112.0,-111.0,-112.0,-111.0,-110.0,-108.0,-110.0,-108.0,-109.0,-115.0,-110.0,-114.0,-111.0,-115.0,-104.0,-111.0,,
202211160CHO,-111.0,100.0,-109.0,-109.0,-111.0,-106.0,-102.0,-105.0,-103.0,-116.0,-111.0,-105.0,-109.0,-105.0,-110.0,-111.0,-108.0,-109.0,-109.0,-111.0,-106.0,-114.0,-112.0,-108.0,-102.0,-111.0,-115.0,-116.0,-116.0,-110.0,-108.0,-108.0,,
202211160DAL,-256.0,-227.0,-244.0,-250.0,-270.0,-244.0,-250.0,-286.0,-250.0,-263.0,-256.0,-270.0,-294.0,-250.0,-250.0,200.0,212.0,200.0,204.0,210.0,212.0,210.0,233.0,221.0,215.0,200.0,220.0,220.0,210.0,200.0,-250.0,210.0,,
202211160DEN,-127.0,-133.0,-128.0,-125.0,-125.0,-125.0,-128.0,-122.0,-119.0,-132.0,-127.0,-130.0,-127.0,-132.0,-128.0,102.0,125.0,110.0,104.0,100.0,110.0,110.0,104.0,108.0,112.0,102.0,110.0,100.0,110.0,104.0,-123.0,106.0,,
202211160MIL,-139.0,-159.0,-133.0,-135.0,-133.0,-132.0,-127.0,-130.0,-122.0,-127.0,-139.0,-130.0,-135.0,-135.0,-133.0,112.0,149.0,112.0,114.0,110.0,116.0,125.0,110.0,110.0,106.0,112.0,110.0,106.0,114.0,110.0,-133.0,114.0,,
202211160NOP,-128.0,-118.0,-125.0,-125.0,-125.0,-122.0,-125.0,-120.0,-120.0,-122.0,-128.0,-125.0,-127.0,-125.0,-125.0,104.0,110.0,106.0,104.0,100.0,108.0,108.0,102.0,110.0,102.0,104.0,104.0,-101.0,104.0,104.0,-125.0,108.0,,
202211160ORL,225.0,238.0,260.0,245.0,250.0,239.0,231.0,272.0,272.0,235.0,229.0,260.0,260.0,260.0,260.0,-294.0,-256.0,-323.0,-303.0,-333.0,-278.0,-278.0,-333.0,-323.0,-286.0,-303.0,-333.0,-357.0,-323.0,-333.0,238.0,-286.0,,
202211160PHO,118.0,116.0,120.0,123.0,110.0,127.0,125.0,119.0,124.0,118.0,122.0,120.0,114.0,120.0,110.0,-147.0,-122.0,-141.0,-147.0,-133.0,-145.0,-127.0,-139.0,-137.0,-139.0,-152.0,-141.0,-145.0,-141.0,-133.0,125.0,-145.0,,
202211160TOR,-161.0,-143.0,-154.0,-159.0,-154.0,-154.0,-154.0,-145.0,-149.0,-149.0,-161.0,-149.0,-152.0,-152.0,-149.0,129.0,134.0,129.0,133.0,125.0,135.0,131.0,124.0,133.0,125.0,129.0,129.0,119.0,129.0,125.0,-156.0,134.0,,
202211160WAS,-204.0,-189.0,-200.0,-192.0,-200.0,-196.0,-208.0,-192.0,-189.0,-192.0,-204.0,-200.0,-204.0,-200.0,-200.0,162.0,175.0,170.0,160.0,160.0,171.0,177.0,163.0,170.0,160.0,162.0,170.0,154.0,170.0,165.0,-196.0,167.0,,
202211170POR,-147.0,-133.0,-147.0,-145.0,-143.0,-141.0,-137.0,-147.0,-141.0,-149.0,-147.0,-149.0,-154.0,-156.0,-143.0,118.0,125.0,125.0,122.0,114.0,124.0,135.0,125.0,127.0,123.0,118.0,129.0,120.0,135.0,120.0,-143.0,123.0,,
202211170SAC,-278.0,-263.0,-263.0,-270.0,-286.0,-263.0,-263.0,-278.0,-270.0,-270.0,-278.0,-303.0,-294.0,-294.0,-303.0,215.0,244.0,220.0,220.0,229.0,227.0,220.0,231.0,237.0,220.0,215.0,240.0,215.0,235.0,240.0,-263.0,221.0,,
202211170LAC,-588.0,-500.0,-556.0,-556.0,-625.0,-556.0,-500.0,-556.0,-526.0,-500.0,-588.0,-556.0,-588.0,-556.0,-500.0,409.0,445.0,420.0,415.0,430.0,445.0,400.0,424.0,430.0,375.0,409.0,400.0,390.0,425.0,375.0,-556.0,429.0,,
202211180CHI,-370.0,-333.0,-357.0,-357.0,-455.0,-345.0,-385.0,-435.0,-345.0,-333.0,-370.0,-357.0,-455.0,-370.0,-385.0,280.0,300.0,285.0,284.0,330.0,292.0,315.0,342.0,288.0,270.0,280.0,285.0,320.0,280.0,300.0,-345.0,282.0,,
202211180CLE,-455.0,-476.0,-500.0,-455.0,-500.0,-435.0,-400.0,-625.0,-455.0,-455.0,-455.0,-476.0,-667.0,-500.0,-455.0,334.0,430.0,384.0,350.0,355.0,359.0,325.0,455.0,372.0,350.0,334.0,359.0,420.0,375.0,333.0,-455.0,359.0,,
202211180DAL,-435.0,-400.0,-455.0,-435.0,-500.0,-417.0,-400.0,-625.0,-417.0,-435.0,-435.0,-455.0,-625.0,-455.0,-455.0,320.0,372.0,355.0,337.0,365.0,347.0,390.0,472.0,351.0,340.0,320.0,350.0,420.0,350.0,340.0,-417.0,334.0,,
202211180GSW,-286.0,-270.0,-294.0,-278.0,-312.0,-270.0,-303.0,-286.0,-263.0,-303.0,-286.0,-303.0,-303.0,-303.0,-303.0,220.0,252.0,240.0,225.0,240.0,233.0,250.0,235.0,231.0,240.0,220.0,240.0,225.0,240.0,240.0,-270.0,225.0,,
202211180HOU,175.0,193.0,185.0,179.0,175.0,185.0,204.0,189.0,184.0,170.0,175.0,190.0,179.0,185.0,185.0,-222.0,-204.0,-222.0,-217.0,-222.0,-213.0,-244.0,-227.0,-208.0,-204.0,-222.0,-233.0,-238.0,-227.0,-227.0,185.0,-217.0,,
202211180LAL,-250.0,-270.0,-250.0,-303.0,-270.0,-244.0,-263.0,-303.0,-238.0,-294.0,-312.0,-250.0,-323.0,-303.0,-250.0,195.0,252.0,206.0,245.0,215.0,212.0,220.0,247.0,210.0,235.0,240.0,204.0,235.0,240.0,200.0,-294.0,245.0,,
202211180MEM,-244.0,-217.0,-244.0,-238.0,-250.0,-244.0,-270.0,-244.0,-233.0,-233.0,-244.0,-250.0,-256.0,-250.0,-250.0,190.0,202.0,202.0,195.0,200.0,212.0,225.0,204.0,204.0,195.0,190.0,204.0,195.0,210.0,200.0,-238.0,200.0,,
202211180NOP,120.0,139.0,129.0,122.0,120.0,124.0,127.0,122.0,125.0,127.0,120.0,129.0,116.0,135.0,125.0,-149.0,-147.0,-154.0,-145.0,-143.0,-141.0,-147.0,-145.0,-139.0,-152.0,-149.0,-149.0,-149.0,-156.0,-154.0,123.0,-143.0,,
202211180PHI,104.0,106.0,100.0,104.0,100.0,108.0,106.0,-103.0,-103.0,-105.0,104.0,100.0,-108.0,-105.0,104.0,-128.0,-112.0,-118.0,-125.0,-125.0,-122.0,-108.0,-114.0,-108.0,-112.0,-128.0,-120.0,-119.0,-116.0,-125.0,106.0,-123.0,,
202211180UTA,-111.0,100.0,-109.0,-109.0,100.0,-106.0,-104.0,-110.0,-106.0,-111.0,-111.0,-105.0,-115.0,-105.0,-110.0,-111.0,-108.0,-109.0,-109.0,-125.0,-106.0,-111.0,-106.0,-104.0,-106.0,-111.0,-115.0,-111.0,-116.0,-110.0,-108.0,-108.0,,
202211180WAS,-303.0,-294.0,-323.0,-294.0,-333.0,-286.0,-323.0,-312.0,-294.0,-286.0,-303.0,-323.0,-370.0,-303.0,-333.0,229.0,272.0,260.0,240.0,254.0,245.0,266.0,252.0,254.0,229.0,229.0,250.0,265.0,240.0,260.0,-294.0,245.0,,
202211190ATL,-213.0,-196.0,-217.0,-208.0,-200.0,-200.0,-200.0,-208.0,-200.0,-208.0,-213.0,-222.0,-217.0,-213.0,-208.0,170.0,181.0,179.0,170.0,160.0,175.0,170.0,175.0,179.0,175.0,170.0,179.0,165.0,175.0,170.0,-204.0,174.0,,
202211190IND,-323.0,-250.0,-303.0,-303.0,-286.0,-286.0,-286.0,-294.0,-294.0,-286.0,-312.0,-323.0,-312.0,-312.0,-294.0,245.0,231.0,250.0,245.0,235.0,245.0,238.0,244.0,252.0,229.0,240.0,250.0,229.0,245.0,229.0,-286.0,238.0,,
202211190LAC,-357.0,-357.0,-417.0,-345.0,-400.0,-345.0,-333.0,-455.0,-370.0,-333.0,-357.0,-357.0,-476.0,-400.0,-357.0,272.0,324.0,330.0,275.0,300.0,292.0,274.0,355.0,311.0,265.0,272.0,285.0,330.0,309.0,275.0,-345.0,282.0,,
202211190PHI,120.0,138.0,135.0,135.0,125.0,138.0,141.0,127.0,137.0,129.0,131.0,140.0,123.0,140.0,129.0,-167.0,-147.0,-159.0,-161.0,-154.0,-156.0,-143.0,-152.0,-152.0,-154.0,-164.0,-161.0,-156.0,-161.0,-154.0,136.0,-159.0,,
202211190POR,-179.0,-164.0,-175.0,-175.0,-182.0,-172.0,-189.0,-175.0,-172.0,-164.0,-179.0,-179.0,-182.0,-175.0,-175.0,143.0,154.0,148.0,147.0,145.0,150.0,160.0,147.0,156.0,138.0,143.0,154.0,141.0,154.0,145.0,-175.0,150.0,,
202211200BRK,-312.0,-278.0,-303.0,-303.0,-286.0,-294.0,-256.0,-312.0,-294.0,-312.0,-312.0,-323.0,-323.0,-294.0,-303.0,240.0,256.0,247.0,245.0,225.0,252.0,254.0,250.0,250.0,254.0,240.0,250.0,240.0,235.0,240.0,-294.0,245.0,,
202211200CLE,-303.0,-294.0,-286.0,-294.0,-286.0,-286.0,-278.0,-345.0,-278.0,-303.0,-303.0,-278.0,-370.0,-323.0,-303.0,229.0,268.0,235.0,240.0,229.0,245.0,275.0,278.0,238.0,240.0,229.0,229.0,265.0,260.0,240.0,-294.0,245.0,,
202211200DAL,-526.0,-455.0,-526.0,-500.0,-500.0,-476.0,-526.0,-526.0,-500.0,-476.0,-526.0,-556.0,-556.0,-526.0,-500.0,375.0,409.0,400.0,380.0,359.0,390.0,420.0,401.0,405.0,359.0,375.0,400.0,380.0,400.0,375.0,-500.0,392.0,,
202211200HOU,359.0,445.0,384.0,380.0,370.0,390.0,359.0,413.0,404.0,359.0,359.0,400.0,390.0,425.0,350.0,-500.0,-500.0,-500.0,-500.0,-500.0,-476.0,-455.0,-556.0,-500.0,-455.0,-500.0,-556.0,-588.0,-556.0,-455.0,375.0,-476.0,,
202211200LAL,-238.0,-227.0,-238.0,-233.0,-270.0,-227.0,-256.0,-270.0,-222.0,-250.0,-238.0,-250.0,-263.0,-250.0,-238.0,187.0,212.0,198.0,192.0,204.0,197.0,215.0,206.0,196.0,200.0,187.0,204.0,200.0,204.0,190.0,-233.0,196.0,,
202211200PHO,-227.0,-217.0,-238.0,-222.0,-222.0,-217.0,-244.0,-227.0,-213.0,-227.0,-227.0,-250.0,-238.0,-238.0,-238.0,179.0,202.0,198.0,183.0,185.0,189.0,204.0,188.0,187.0,190.0,179.0,204.0,179.0,195.0,190.0,-217.0,185.0,,
202211200SAC,-500.0,-455.0,-526.0,-476.0,-556.0,-476.0,-526.0,-714.0,-476.0,-476.0,-500.0,-556.0,-769.0,-526.0,-455.0,359.0,409.0,400.0,365.0,395.0,390.0,415.0,508.0,380.0,370.0,359.0,400.0,459.0,400.0,340.0,-476.0,375.0,,
202211200WAS,-200.0,-189.0,-208.0,-196.0,-200.0,-192.0,-204.0,-196.0,-189.0,-213.0,-200.0,-200.0,-204.0,-200.0,-189.0,160.0,175.0,174.0,164.0,160.0,168.0,174.0,165.0,169.0,165.0,160.0,170.0,160.0,170.0,154.0,-196.0,167.0,,
202211210IND,-303.0,-244.0,-312.0,-294.0,-286.0,-286.0,-278.0,-294.0,-278.0,-270.0,-303.0,-278.0,-303.0,-270.0,-278.0,229.0,227.0,250.0,240.0,225.0,245.0,231.0,238.0,242.0,215.0,229.0,229.0,225.0,220.0,220.0,-294.0,245.0,,
202211210CHI,170.0,188.0,168.0,170.0,179.0,175.0,198.0,175.0,177.0,170.0,170.0,179.0,170.0,179.0,179.0,-213.0,-200.0,-200.0,-208.0,-222.0,-200.0,-200.0,-208.0,-200.0,-204.0,-213.0,-222.0,-222.0,-222.0,-222.0,174.0,-204.0,,
202211210CLE,-154.0,-154.0,-156.0,-149.0,-154.0,-145.0,-164.0,-154.0,-149.0,-154.0,-154.0,-161.0,-159.0,-161.0,-143.0,124.0,144.0,131.0,125.0,125.0,127.0,141.0,129.0,134.0,129.0,124.0,140.0,125.0,140.0,120.0,-147.0,125.0,,
202211210LAC,-143.0,-128.0,-135.0,-141.0,-133.0,-137.0,-141.0,-133.0,-135.0,-128.0,-143.0,-135.0,-139.0,-135.0,-133.0,114.0,120.0,114.0,119.0,110.0,121.0,122.0,112.0,123.0,108.0,114.0,114.0,108.0,114.0,110.0,-139.0,120.0,,
202211210MIL,-435.0,-385.0,-455.0,-417.0,-500.0,-400.0,-385.0,-455.0,-435.0,-400.0,-435.0,-476.0,-476.0,-435.0,-455.0,320.0,351.0,355.0,325.0,359.0,334.0,315.0,354.0,353.0,320.0,320.0,359.0,330.0,325.0,340.0,-417.0,334.0,,
202211210MIN,-357.0,-333.0,-357.0,-370.0,-400.0,-357.0,-333.0,-385.0,-345.0,-333.0,-357.0,-357.0,-400.0,-370.0,-357.0,272.0,300.0,285.0,293.0,305.0,300.0,325.0,303.0,292.0,265.0,272.0,285.0,285.0,280.0,280.0,-357.0,292.0,,
202211210NOP,-526.0,-435.0,-625.0,-556.0,-556.0,-526.0,-476.0,-588.0,-476.0,-500.0,-556.0,-667.0,-625.0,-625.0,-500.0,375.0,392.0,455.0,415.0,409.0,425.0,375.0,432.0,390.0,380.0,390.0,450.0,400.0,450.0,375.0,-556.0,429.0,,
202211210OKC,-122.0,-118.0,-132.0,-119.0,-118.0,-116.0,-122.0,-118.0,-114.0,-120.0,-122.0,-125.0,-123.0,-125.0,-125.0,-102.0,110.0,110.0,100.0,-105.0,102.0,106.0,100.0,102.0,102.0,-102.0,104.0,-103.0,104.0,104.0,-118.0,100.0,,
202211220DEN,-625.0,-625.0,-625.0,-588.0,-625.0,-588.0,-556.0,-667.0,-588.0,-556.0,-625.0,-714.0,-714.0,-714.0,-667.0,430.0,560.0,459.0,434.0,430.0,470.0,420.0,476.0,474.0,409.0,430.0,475.0,440.0,500.0,475.0,-588.0,450.0,-588.0,434.0
202211220MEM,-147.0,-147.0,-149.0,-145.0,-143.0,-118.0,-133.0,-137.0,-139.0,-139.0,-147.0,-149.0,-145.0,-141.0,-154.0,118.0,139.0,125.0,122.0,120.0,104.0,114.0,117.0,136.0,118.0,118.0,129.0,114.0,120.0,125.0,-143.0,123.0,-145.0,122.0
202211220PHI,240.0,268.0,244.0,245.0,265.0,252.0,268.0,287.0,250.0,260.0,240.0,270.0,254.0,260.0,240.0,-312.0,-294.0,-303.0,-303.0,-333.0,-294.0,-270.0,-357.0,-286.0,-333.0,-312.0,-345.0,-345.0,-323.0,-303.0,245.0,-294.0,245.0,-303.0
202211220PHO,-435.0,-385.0,-435.0,-417.0,-455.0,-400.0,-385.0,-500.0,-385.0,-455.0,-435.0,-455.0,-526.0,-435.0,-455.0,320.0,346.0,340.0,325.0,334.0,334.0,315.0,379.0,326.0,340.0,320.0,350.0,350.0,325.0,340.0,-417.0,334.0,-417.0,325.0
202211230ATL,-192.0,-179.0,-182.0,-189.0,-182.0,-182.0,-196.0,-185.0,-179.0,-175.0,-192.0,-179.0,-192.0,-185.0,-182.0,152.0,168.0,152.0,156.0,150.0,160.0,167.0,156.0,161.0,148.0,152.0,154.0,148.0,165.0,150.0,-185.0,158.0,-189.0,156.0
202211230BOS,-222.0,-213.0,-217.0,-217.0,-222.0,-208.0,-189.0,-222.0,-208.0,-217.0,-222.0,-233.0,-233.0,-227.0,-222.0,175.0,198.0,181.0,179.0,179.0,181.0,188.0,184.0,186.0,179.0,175.0,190.0,175.0,185.0,179.0,-213.0,181.0,-217.0,179.0
202211230CHO,-185.0,-169.0,-175.0,-182.0,-182.0,-175.0,-182.0,-175.0,-167.0,-182.0,-185.0,-179.0,-182.0,-175.0,-175.0,148.0,158.0,148.0,152.0,145.0,154.0,156.0,147.0,152.0,154.0,148.0,154.0,141.0,154.0,145.0,-179.0,152.0,-182.0,152.0
202211230CLE,-312.0,-270.0,-278.0,-303.0,-286.0,-294.0,-278.0,-303.0,-250.0,-286.0,-312.0,-303.0,-312.0,-303.0,-294.0,240.0,252.0,229.0,245.0,220.0,252.0,231.0,245.0,220.0,235.0,240.0,240.0,235.0,240.0,229.0,-303.0,250.0,-303.0,245.0
202211230GSW,-476.0,-455.0,-455.0,-455.0,-500.0,-435.0,-455.0,-500.0,-455.0,-476.0,-476.0,-476.0,-526.0,-500.0,-500.0,345.0,409.0,355.0,350.0,355.0,359.0,359.0,379.0,376.0,359.0,345.0,359.0,350.0,375.0,375.0,-455.0,359.0,-455.0,350.0
202211230IND,102.0,110.0,102.0,104.0,100.0,106.0,110.0,108.0,114.0,-102.0,102.0,110.0,102.0,110.0,100.0,-127.0,-118.0,-120.0,-123.0,-118.0,-120.0,-128.0,-127.0,-125.0,-116.0,-127.0,-130.0,-130.0,-132.0,-120.0,104.0,-122.0,104.0,-123.0
202211230MIA,-182.0,-179.0,-189.0,-172.0,-192.0,-167.0,-189.0,-192.0,-189.0,-192.0,-182.0,-179.0,-200.0,-200.0,-189.0,135.0,168.0,159.0,144.0,150.0,147.0,161.0,161.0,167.0,160.0,135.0,154.0,154.0,170.0,154.0,-169.0,145.0,-172.0,144.0
202211230MIL,-294.0,-244.0,-286.0,-286.0,-286.0,-278.0,-256.0,-286.0,-278.0,-250.0,-294.0,-278.0,-303.0,-270.0,-286.0,225.0,227.0,235.0,231.0,229.0,239.0,254.0,233.0,241.0,210.0,225.0,229.0,220.0,220.0,225.0,-286.0,238.0,-286.0,231.0
202211230OKC,-106.0,-103.0,-105.0,-104.0,-105.0,-102.0,102.0,-103.0,102.0,-102.0,-106.0,-110.0,-108.0,-111.0,-115.0,-116.0,-103.0,-111.0,-114.0,-118.0,-111.0,-119.0,-114.0,-112.0,-116.0,-116.0,-110.0,-119.0,-111.0,-105.0,-103.0,-112.0,-104.0,-114.0
202211230SAS,204.0,181.0,174.0,215.0,165.0,216.0,181.0,183.0,179.0,175.0,204.0,175.0,175.0,175.0,165.0,-263.0,-196.0,-208.0,-263.0,-200.0,-250.0,-213.0,-217.0,-200.0,-213.0,-263.0,-208.0,-227.0,-213.0,-200.0,215.0,-256.0,215.0,-263.0
202211230TOR,114.0,125.0,120.0,119.0,114.0,121.0,121.0,116.0,122.0,114.0,114.0,120.0,112.0,120.0,120.0,-143.0,-133.0,-141.0,-141.0,-143.0,-137.0,-141.0,-137.0,-135.0,-137.0,-143.0,-141.0,-143.0,-141.0,-143.0,120.0,-139.0,119.0,-141.0
202211230UTA,-714.0,-588.0,-714.0,-667.0,-714.0,-625.0,-625.0,-909.0,-625.0,-625.0,-714.0,-714.0,-1000.0,-667.0,-625.0,480.0,520.0,515.0,480.0,470.0,495.0,480.0,601.0,494.0,459.0,480.0,475.0,540.0,475.0,450.0,-667.0,500.0,-667.0,480.0
202211250CHO,195.0,208.0,202.0,200.0,190.0,206.0,202.0,202.0,206.0,179.0,195.0,210.0,195.0,195.0,190.0,-250.0,-222.0,-244.0,-244.0,-238.0,-238.0,-238.0,-244.0,-238.0,-217.0,-250.0,-263.0,-256.0,-238.0,-238.0,200.0,-238.0,200.0,-244.0
202211250NYK,-175.0,-159.0,-175.0,-169.0,-175.0,-167.0,-175.0,-175.0,-172.0,-156.0,-175.0,-169.0,-182.0,-175.0,-175.0,140.0,149.0,148.0,142.0,140.0,147.0,150.0,147.0,154.0,131.0,140.0,145.0,141.0,154.0,145.0,-169.0,145.0,-169.0,142.0
202211250ORL,-123.0,-122.0,-118.0,-120.0,-125.0,-119.0,-127.0,-122.0,-116.0,-130.0,-123.0,-115.0,-127.0,-132.0,-115.0,100.0,116.0,100.0,102.0,100.0,104.0,108.0,102.0,106.0,110.0,100.0,-105.0,-101.0,110.0,-105.0,-120.0,104.0,-120.0,102.0
202211250IND,137.0,144.0,140.0,142.0,129.0,144.0,136.0,139.0,149.0,133.0,137.0,140.0,133.0,140.0,125.0,-172.0,-154.0,-164.0,-169.0,-154.0,-164.0,-159.0,-164.0,-167.0,-159.0,-172.0,-161.0,-172.0,-161.0,-154.0,143.0,-167.0,142.0,-169.0
202211250BOS,-323.0,-278.0,-303.0,-312.0,-312.0,-303.0,-303.0,-345.0,-286.0,-294.0,-323.0,-323.0,-357.0,-312.0,-286.0,245.0,260.0,250.0,252.0,245.0,260.0,252.0,274.0,249.0,240.0,245.0,250.0,260.0,250.0,229.0,-303.0,250.0,-312.0,252.0
202211250GSW,-333.0,-294.0,-333.0,-333.0,-370.0,-312.0,-312.0,-333.0,-312.0,-303.0,-333.0,-345.0,-345.0,-323.0,-333.0,254.0,268.0,270.0,267.0,275.0,267.0,258.0,268.0,270.0,235.0,254.0,270.0,254.0,260.0,260.0,-323.0,265.0,-333.0,267.0
202211250HOU,220.0,252.0,229.0,225.0,215.0,233.0,220.0,231.0,231.0,225.0,220.0,240.0,220.0,240.0,220.0,-286.0,-270.0,-278.0,-278.0,-270.0,-270.0,-263.0,-278.0,-263.0,-286.0,-286.0,-303.0,-294.0,-303.0,-278.0,231.0,-278.0,225.0,-278.0
202211250LAC,145.0,158.0,152.0,150.0,135.0,150.0,154.0,147.0,150.0,135.0,145.0,154.0,141.0,154.0,145.0,-182.0,-169.0,-182.0,-179.0,-167.0,-172.0,-182.0,-175.0,-167.0,-161.0,-182.0,-179.0,-182.0,-175.0,-175.0,150.0,-175.0,150.0,-179.0
202211250MEM,-132.0,-122.0,-139.0,-130.0,-143.0,-127.0,-130.0,-135.0,-128.0,-130.0,-152.0,-135.0,-133.0,-135.0,-139.0,106.0,116.0,118.0,108.0,114.0,112.0,127.0,114.0,117.0,110.0,122.0,114.0,104.0,114.0,114.0,-147.0,125.0,-145.0,122.0
202211250MIA,-179.0,-167.0,-147.0,-175.0,-143.0,-172.0,-152.0,-141.0,-143.0,-137.0,-156.0,-141.0,-147.0,-152.0,-143.0,143.0,114.0,125.0,147.0,120.0,150.0,129.0,120.0,127.0,114.0,125.0,120.0,114.0,129.0,120.0,-175.0,150.0,-149.0,125.0
202211250MIL,-175.0,-169.0,-175.0,-172.0,-182.0,-167.0,-164.0,-172.0,-164.0,-175.0,-175.0,-179.0,-182.0,-175.0,-175.0,140.0,158.0,148.0,144.0,150.0,147.0,163.0,146.0,148.0,145.0,140.0,154.0,140.0,154.0,145.0,-169.0,145.0,-172.0,144.0
202211250OKC,120.0,134.0,125.0,123.0,125.0,125.0,129.0,125.0,131.0,120.0,124.0,129.0,121.0,129.0,125.0,-149.0,-143.0,-147.0,-147.0,-154.0,-143.0,-152.0,-149.0,-147.0,-141.0,-154.0,-149.0,-154.0,-152.0,-149.0,125.0,-145.0,123.0,-147.0
202211250PHO,-833.0,-714.0,-714.0,-833.0,-1000.0,-769.0,-769.0,-909.0,-769.0,-667.0,-833.0,-714.0,-1000.0,-833.0,-714.0,535.0,630.0,515.0,570.0,575.0,585.0,550.0,608.0,585.0,480.0,535.0,475.0,560.0,550.0,500.0,-769.0,560.0,-833.0,570.0
202211250SAS,140.0,150.0,146.0,144.0,135.0,147.0,143.0,140.0,142.0,140.0,140.0,154.0,137.0,129.0,135.0,-175.0,-159.0,-172.0,-172.0,-167.0,-167.0,-167.0,-167.0,-159.0,-167.0,-175.0,-179.0,-175.0,-152.0,-161.0,145.0,-169.0,144.0,-172.0
202211260HOU,100.0,116.0,102.0,108.0,100.0,104.0,108.0,106.0,102.0,106.0,106.0,110.0,102.0,110.0,110.0,-123.0,-122.0,-120.0,-130.0,-118.0,-119.0,-125.0,-125.0,-114.0,-127.0,-132.0,-130.0,-130.0,-132.0,-128.0,104.0,-120.0,108.0,-130.0
202211260PHO,-244.0,-227.0,-250.0,-238.0,-250.0,-233.0,-244.0,-256.0,-227.0,-244.0,-244.0,-233.0,-263.0,-244.0,-227.0,190.0,212.0,204.0,195.0,200.0,202.0,204.0,210.0,199.0,200.0,190.0,190.0,200.0,200.0,185.0,-238.0,200.0,-238.0,195.0
202211260SAS,-116.0,-111.0,-114.0,-116.0,-111.0,-111.0,-116.0,-115.0,-116.0,-111.0,-116.0,-110.0,-119.0,-111.0,-115.0,-106.0,104.0,-103.0,-102.0,-105.0,-102.0,100.0,-102.0,104.0,-106.0,-106.0,-110.0,-106.0,-111.0,-105.0,-112.0,-103.0,-114.0,-104.0
202211260TOR,120.0,120.0,121.0,123.0,114.0,125.0,136.0,123.0,125.0,114.0,120.0,120.0,117.0,114.0,114.0,-149.0,-128.0,-143.0,-147.0,-143.0,-143.0,-137.0,-145.0,-139.0,-139.0,-149.0,-141.0,-149.0,-135.0,-135.0,125.0,-145.0,123.0,-147.0
202211270ATL,-179.0,-189.0,-172.0,-175.0,-167.0,-172.0,-167.0,-159.0,-154.0,-172.0,-179.0,-179.0,-167.0,-182.0,-169.0,143.0,175.0,146.0,147.0,135.0,150.0,143.0,134.0,138.0,145.0,143.0,154.0,129.0,160.0,140.0,-175.0,150.0,-175.0,147.0
202211270BOS,-333.0,-278.0,-333.0,-333.0,-312.0,-312.0,-303.0,-333.0,-312.0,-345.0,-333.0,-345.0,-345.0,-333.0,-357.0,254.0,258.0,270.0,267.0,245.0,267.0,252.0,268.0,266.0,275.0,254.0,270.0,254.0,265.0,275.0,-323.0,265.0,-333.0,267.0
202211270BRK,-323.0,-294.0,-323.0,-312.0,-333.0,-312.0,-294.0,-323.0,-303.0,-312.0,-323.0,-333.0,-333.0,-323.0,-303.0,245.0,268.0,260.0,252.0,254.0,267.0,244.0,259.0,261.0,260.0,245.0,260.0,245.0,260.0,240.0,-312.0,258.0,-312.0,252.0
202211270DET,240.0,244.0,250.0,245.0,245.0,252.0,244.0,252.0,250.0,225.0,240.0,250.0,240.0,235.0,229.0,-312.0,-263.0,-303.0,-303.0,-312.0,-294.0,-294.0,-312.0,-294.0,-278.0,-312.0,-323.0,-323.0,-294.0,-294.0,250.0,-303.0,245.0,-303.0
202211270LAC,108.0,116.0,110.0,108.0,100.0,112.0,118.0,110.0,114.0,104.0,108.0,110.0,106.0,110.0,110.0,-133.0,-122.0,-128.0,-130.0,-125.0,-127.0,-137.0,-130.0,-127.0,-125.0,-133.0,-130.0,-135.0,-132.0,-133.0,112.0,-130.0,108.0,-130.0
202211270MIL,-238.0,-217.0,-227.0,-233.0,-222.0,-227.0,-213.0,-238.0,-227.0,-250.0,-238.0,-233.0,-250.0,-238.0,-222.0,187.0,202.0,189.0,192.0,185.0,197.0,210.0,196.0,198.0,204.0,187.0,190.0,185.0,195.0,179.0,-233.0,196.0,-233.0,192.0
202211270MIN,106.0,116.0,102.0,108.0,110.0,112.0,110.0,104.0,104.0,112.0,106.0,100.0,100.0,100.0,100.0,-132.0,-122.0,-120.0,-128.0,-133.0,-127.0,-111.0,-122.0,-116.0,-130.0,-132.0,-120.0,-127.0,-120.0,-120.0,108.0,-127.0,108.0,-128.0
202211270NYK,102.0,110.0,104.0,104.0,100.0,106.0,102.0,102.0,108.0,104.0,102.0,104.0,-102.0,104.0,100.0,-127.0,-118.0,-123.0,-123.0,-125.0,-120.0,-119.0,-119.0,-119.0,-125.0,-127.0,-125.0,-123.0,-125.0,-120.0,104.0,-122.0,104.0,-123.0
202211270ORL,-111.0,-106.0,-109.0,-109.0,-111.0,-106.0,-111.0,-108.0,-109.0,-119.0,-111.0,-115.0,-114.0,-116.0,-110.0,-111.0,100.0,-109.0,-109.0,-111.0,-106.0,-104.0,-109.0,-102.0,100.0,-111.0,-105.0,-112.0,-105.0,-110.0,-108.0,-108.0,-109.0,-109.0
202211280PHI,-139.0,-143.0,-147.0,-137.0,-135.0,-133.0,-135.0,-141.0,-135.0,-139.0,-139.0,-149.0,-147.0,-152.0,-143.0,112.0,134.0,125.0,114.0,120.0,118.0,134.0,120.0,123.0,117.0,112.0,129.0,114.0,129.0,120.0,-135.0,117.0,-137.0,114.0
202211280WAS,-116.0,-112.0,-122.0,-114.0,-125.0,-111.0,-115.0,-114.0,-110.0,-112.0,-116.0,-120.0,-118.0,-120.0,-110.0,-106.0,106.0,102.0,-104.0,100.0,-102.0,100.0,-103.0,-101.0,-105.0,-106.0,100.0,-108.0,100.0,-110.0,-112.0,-103.0,-114.0,-104.0
202211280TOR,-204.0,-189.0,-200.0,-200.0,-213.0,-196.0,-189.0,-196.0,-192.0,-182.0,-204.0,-200.0,-204.0,-200.0,-200.0,162.0,175.0,170.0,166.0,170.0,171.0,188.0,164.0,172.0,154.0,162.0,170.0,154.0,170.0,165.0,-200.0,170.0,-200.0,166.0
202211280BOS,-714.0,-556.0,-625.0,-588.0,-625.0,-667.0,-588.0,-667.0,-556.0,-556.0,-714.0,-714.0,-714.0,-667.0,-500.0,480.0,484.0,459.0,434.0,430.0,525.0,459.0,476.0,450.0,409.0,480.0,475.0,440.0,475.0,375.0,-667.0,500.0,-588.0,434.0
202211280BRK,-667.0,-625.0,-769.0,-625.0,-625.0,-588.0,-667.0,-588.0,-714.0,-667.0,-667.0,-714.0,-625.0,-714.0,-556.0,450.0,560.0,540.0,455.0,430.0,470.0,495.0,447.0,540.0,500.0,450.0,475.0,420.0,500.0,400.0,-625.0,475.0,-625.0,455.0
202211280DEN,-625.0,-556.0,-588.0,-588.0,-625.0,-556.0,-588.0,-769.0,-588.0,-556.0,-625.0,-667.0,-833.0,-625.0,-625.0,430.0,484.0,440.0,434.0,430.0,445.0,455.0,538.0,455.0,420.0,430.0,450.0,500.0,450.0,450.0,-588.0,450.0,-588.0,434.0
202211280LAL,-169.0,-147.0,-164.0,-164.0,-167.0,-161.0,-156.0,-164.0,-164.0,-156.0,-169.0,-169.0,-169.0,-167.0,-159.0,136.0,139.0,140.0,138.0,129.0,142.0,134.0,139.0,147.0,131.0,136.0,145.0,131.0,145.0,129.0,-164.0,141.0,-164.0,138.0
202211280NOP,-217.0,-189.0,-213.0,-204.0,-222.0,-200.0,-217.0,-213.0,-204.0,-217.0,-208.0,-222.0,-222.0,-213.0,-222.0,172.0,175.0,177.0,168.0,175.0,175.0,184.0,177.0,179.0,179.0,165.0,179.0,170.0,175.0,179.0,-200.0,170.0,-204.0,168.0
202211280SAC,-112.0,-103.0,-109.0,-110.0,-105.0,-108.0,-105.0,-109.0,-104.0,-103.0,-112.0,-110.0,-114.0,-111.0,-110.0,-110.0,-103.0,-109.0,-108.0,-118.0,-105.0,-110.0,-108.0,-106.0,-114.0,-110.0,-110.0,-112.0,-111.0,-110.0,-109.0,-106.0,-110.0,-108.0
202211280UTA,-133.0,-128.0,-128.0,-130.0,-125.0,-127.0,-130.0,-125.0,-119.0,-128.0,-133.0,-135.0,-130.0,-135.0,-139.0,108.0,121.0,110.0,108.0,100.0,112.0,112.0,106.0,108.0,108.0,108.0,114.0,102.0,114.0,114.0,-130.0,112.0,-130.0,108.0
202211290DAL,-111.0,-108.0,-105.0,-109.0,100.0,-106.0,102.0,-111.0,-105.0,-115.0,-111.0,-115.0,-115.0,-116.0,-115.0,-111.0,100.0,-111.0,-109.0,-118.0,-106.0,-104.0,-106.0,-105.0,-103.0,-111.0,-105.0,-110.0,-105.0,-105.0,-108.0,-108.0,-109.0,-109.0
202211290DET,145.0,158.0,159.0,147.0,150.0,150.0,161.0,149.0,166.0,140.0,145.0,160.0,143.0,160.0,150.0,-182.0,-169.0,-189.0,-175.0,-182.0,-172.0,-189.0,-175.0,-185.0,-167.0,-182.0,-189.0,-185.0,-182.0,-182.0,150.0,-175.0,147.0,-175.0
202211290POR,-185.0,-159.0,-175.0,-182.0,-182.0,-175.0,-175.0,-175.0,-172.0,-172.0,-185.0,-169.0,-182.0,-167.0,-167.0,148.0,149.0,148.0,152.0,145.0,154.0,150.0,148.0,154.0,148.0,148.0,145.0,142.0,145.0,135.0,-179.0,152.0,-182.0,152.0
202211300BOS,-400.0,-455.0,-455.0,-400.0,-400.0,-385.0,-370.0,-435.0,-400.0,-435.0,-400.0,-476.0,-455.0,-435.0,-500.0,300.0,409.0,350.0,313.0,305.0,323.0,365.0,336.0,330.0,334.0,300.0,359.0,320.0,325.0,380.0,-385.0,312.0,-400.0,313.0
202211300BRK,-227.0,-200.0,-222.0,-222.0,-213.0,-217.0,-227.0,-222.0,-217.0,-204.0,-227.0,-222.0,-233.0,-222.0,-208.0,179.0,188.0,185.0,183.0,170.0,189.0,191.0,187.0,193.0,170.0,179.0,179.0,179.0,179.0,170.0,-217.0,185.0,-222.0,183.0
202211300CLE,-169.0,-169.0,-164.0,-167.0,-167.0,-164.0,-169.0,-167.0,-159.0,-159.0,-169.0,-161.0,-172.0,-172.0,-161.0,136.0,158.0,140.0,140.0,135.0,144.0,145.0,140.0,143.0,133.0,136.0,140.0,135.0,150.0,135.0,-164.0,141.0,-167.0,140.0
202211300DEN,-625.0,-625.0,-625.0,-588.0,-667.0,-588.0,-588.0,-714.0,-588.0,-667.0,-625.0,-714.0,-769.0,-714.0,-667.0,430.0,560.0,459.0,434.0,440.0,470.0,440.0,503.0,463.0,440.0,430.0,475.0,459.0,500.0,475.0,-588.0,450.0,-588.0,434.0
202211300LAL,-256.0,-217.0,-238.0,-250.0,-250.0,-244.0,-227.0,-250.0,-244.0,-227.0,-256.0,-250.0,-263.0,-250.0,-222.0,200.0,202.0,198.0,204.0,200.0,212.0,192.0,208.0,212.0,185.0,200.0,204.0,200.0,210.0,179.0,-250.0,210.0,-250.0,204.0
202211300MIN,136.0,125.0,129.0,110.0,120.0,112.0,139.0,125.0,133.0,120.0,108.0,129.0,121.0,120.0,120.0,-169.0,-133.0,-154.0,-132.0,-154.0,-128.0,-141.0,-149.0,-147.0,-143.0,-135.0,-149.0,-154.0,-141.0,-143.0,123.0,-143.0,127.0,-152.0
202211300NOP,112.0,129.0,117.0,119.0,110.0,121.0,114.0,116.0,118.0,112.0,112.0,120.0,110.0,125.0,120.0,-139.0,-137.0,-139.0,-141.0,-133.0,-137.0,-132.0,-137.0,-130.0,-133.0,-139.0,-141.0,-143.0,-147.0,-143.0,120.0,-139.0,119.0,-141.0
202211300NYK,170.0,202.0,198.0,183.0,179.0,193.0,192.0,193.0,195.0,185.0,183.0,204.0,185.0,195.0,185.0,-250.0,-217.0,-238.0,-233.0,-222.0,-222.0,-227.0,-233.0,-222.0,-222.0,-233.0,-250.0,-244.0,-238.0,-227.0,184.0,-227.0,192.0,-233.0
202211300OKC,-147.0,-141.0,-147.0,-147.0,-133.0,-143.0,-147.0,-137.0,-135.0,-149.0,-149.0,-149.0,-143.0,-152.0,-149.0,118.0,131.0,125.0,123.0,114.0,125.0,127.0,117.0,123.0,125.0,120.0,129.0,112.0,129.0,125.0,-145.0,125.0,-147.0,123.0
202211300ORL,200.0,212.0,206.0,204.0,200.0,212.0,215.0,209.0,210.0,200.0,200.0,210.0,200.0,204.0,190.0,-256.0,-227.0,-250.0,-250.0,-250.0,-244.0,-256.0,-250.0,-238.0,-244.0,-256.0,-263.0,-263.0,-250.0,-238.0,210.0,-250.0,204.0,-250.0
202211300PHO,-213.0,-200.0,-213.0,-208.0,-222.0,-204.0,-217.0,-213.0,-196.0,-204.0,-213.0,-222.0,-222.0,-222.0,-208.0,170.0,188.0,177.0,170.0,175.0,177.0,184.0,175.0,177.0,170.0,170.0,179.0,170.0,179.0,170.0,-208.0,177.0,-208.0,170.0
202211300SAC,-192.0,-172.0,-179.0,-189.0,-192.0,-182.0,-179.0,-189.0,-189.0,-175.0,-192.0,-189.0,-196.0,-182.0,-182.0,152.0,163.0,149.0,156.0,154.0,160.0,152.0,159.0,167.0,145.0,152.0,160.0,154.0,160.0,150.0,-185.0,158.0,-189.0,156.0
202211300UTA,-303.0,-270.0,-294.0,-294.0,-286.0,-286.0,-294.0,-303.0,-270.0,-286.0,-303.0,-303.0,-312.0,-303.0,-303.0,229.0,250.0,240.0,240.0,229.0,245.0,244.0,246.0,234.0,235.0,229.0,240.0,235.0,240.0,240.0,-286.0,238.0,-294.0,240.0
202212010DET,263.0,268.0,270.0,252.0,240.0,260.0,298.0,278.0,277.0,275.0,263.0,260.0,265.0,260.0,240.0,-345.0,-294.0,-333.0,-312.0,-312.0,-303.0,-303.0,-345.0,-323.0,-345.0,-345.0,-333.0,-370.0,-323.0,-303.0,250.0,-303.0,252.0,-312.0
202212020ATL,154.0,175.0,170.0,156.0,154.0,177.0,174.0,160.0,158.0,160.0,154.0,170.0,154.0,170.0,154.0,-196.0,-189.0,-200.0,-189.0,-175.0,-204.0,-204.0,-189.0,-179.0,-192.0,-196.0,-200.0,-200.0,-200.0,-189.0,177.0,-208.0,170.0,-208.0
202212020BOS,-278.0,-256.0,-278.0,-270.0,-270.0,-263.0,-238.0,-263.0,-256.0,-286.0,-278.0,-278.0,-278.0,-286.0,-278.0,215.0,238.0,229.0,220.0,215.0,227.0,236.0,219.0,224.0,229.0,215.0,229.0,210.0,229.0,220.0,-263.0,221.0,-270.0,220.0
202212020BRK,-127.0,-118.0,-125.0,-123.0,-125.0,-120.0,-118.0,-125.0,-123.0,-123.0,-127.0,-125.0,-130.0,-125.0,-125.0,102.0,110.0,106.0,104.0,104.0,106.0,102.0,106.0,112.0,104.0,102.0,104.0,102.0,104.0,104.0,-122.0,104.0,-123.0,104.0
202212020CHO,145.0,154.0,146.0,140.0,135.0,150.0,150.0,144.0,145.0,140.0,137.0,145.0,138.0,150.0,145.0,-182.0,-164.0,-172.0,-167.0,-167.0,-172.0,-175.0,-169.0,-161.0,-167.0,-172.0,-169.0,-179.0,-172.0,-175.0,143.0,-167.0,140.0,-167.0
202212020CLE,-556.0,-556.0,-556.0,-526.0,-667.0,-526.0,-526.0,-526.0,-500.0,-588.0,-556.0,-667.0,-556.0,-625.0,-556.0,390.0,484.0,420.0,400.0,459.0,425.0,409.0,404.0,405.0,425.0,390.0,450.0,380.0,450.0,400.0,-526.0,409.0,-526.0,400.0
202212020GSW,-294.0,-256.0,-286.0,-286.0,-286.0,-278.0,-263.0,-286.0,-278.0,-278.0,-294.0,-278.0,-303.0,-286.0,-286.0,225.0,238.0,235.0,231.0,229.0,239.0,220.0,233.0,244.0,225.0,225.0,229.0,220.0,229.0,225.0,-278.0,231.0,-286.0,231.0
202212020MEM,-196.0,-189.0,-196.0,-192.0,-182.0,-189.0,-179.0,-192.0,-185.0,-204.0,-196.0,-200.0,-200.0,-185.0,-175.0,154.0,175.0,165.0,160.0,150.0,165.0,177.0,162.0,165.0,170.0,154.0,170.0,154.0,165.0,145.0,-189.0,161.0,-192.0,160.0
202212020MIL,-370.0,-345.0,-357.0,-357.0,-400.0,-345.0,-357.0,-385.0,-357.0,-333.0,-370.0,-357.0,-400.0,-370.0,-333.0,280.0,316.0,285.0,284.0,305.0,292.0,292.0,303.0,301.0,265.0,280.0,285.0,285.0,290.0,260.0,-345.0,282.0,-357.0,284.0
202212020PHO,-625.0,-625.0,-667.0,-588.0,-833.0,-588.0,-588.0,-625.0,-588.0,-625.0,-625.0,-714.0,-667.0,-714.0,-625.0,430.0,560.0,484.0,434.0,550.0,470.0,459.0,459.0,459.0,459.0,430.0,475.0,420.0,500.0,450.0,-588.0,450.0,-588.0,434.0
202212020SAS,225.0,238.0,229.0,231.0,250.0,239.0,238.0,233.0,234.0,240.0,225.0,229.0,220.0,229.0,229.0,-294.0,-256.0,-278.0,-286.0,-312.0,-278.0,-286.0,-286.0,-270.0,-303.0,-294.0,-278.0,-303.0,-286.0,-294.0,238.0,-286.0,231.0,-286.0
202212020UTA,-175.0,-159.0,-172.0,-169.0,-182.0,-167.0,-169.0,-172.0,-167.0,-172.0,-175.0,-169.0,-179.0,-167.0,-154.0,140.0,149.0,146.0,142.0,150.0,147.0,145.0,144.0,150.0,145.0,140.0,145.0,139.0,145.0,125.0,-169.0,145.0,-169.0,142.0
202212030CHO,108.0,110.0,106.0,110.0,100.0,114.0,116.0,100.0,106.0,112.0,108.0,104.0,-103.0,104.0,104.0,-135.0,-118.0,-125.0,-132.0,-125.0,-130.0,-118.0,-118.0,-118.0,-133.0,-135.0,-125.0,-123.0,-125.0,-125.0,114.0,-132.0,110.0,-132.0
202212030GSW,-588.0,-556.0,-588.0,-556.0,-556.0,-526.0,-588.0,-526.0,-556.0,-556.0,-588.0,-667.0,-588.0,-667.0,-500.0,409.0,484.0,440.0,415.0,409.0,425.0,445.0,407.0,447.0,409.0,409.0,450.0,380.0,475.0,375.0,-556.0,429.0,-556.0,415.0
202212030LAC,134.0,134.0,141.0,138.0,129.0,140.0,154.0,135.0,150.0,123.0,134.0,140.0,129.0,140.0,135.0,-167.0,-143.0,-167.0,-164.0,-167.0,-159.0,-182.0,-159.0,-167.0,-147.0,-167.0,-161.0,-167.0,-161.0,-161.0,138.0,-161.0,138.0,-164.0
202212030MIN,-213.0,-196.0,-208.0,-208.0,-200.0,-200.0,-182.0,-208.0,-196.0,-204.0,-213.0,-208.0,-217.0,-213.0,-208.0,170.0,181.0,174.0,170.0,160.0,175.0,156.0,174.0,175.0,170.0,170.0,175.0,165.0,175.0,170.0,-204.0,174.0,-208.0,170.0
202212030NYK,-103.0,106.0,-105.0,102.0,100.0,104.0,104.0,102.0,-101.0,-104.0,100.0,100.0,-102.0,100.0,100.0,-120.0,-112.0,-111.0,-120.0,-125.0,-119.0,-122.0,-119.0,-109.0,-114.0,-123.0,-120.0,-125.0,-120.0,-120.0,104.0,-120.0,102.0,-120.0
202212030TOR,-667.0,-588.0,-625.0,-625.0,-667.0,-588.0,-625.0,-588.0,-588.0,-588.0,-667.0,-714.0,-625.0,-667.0,-556.0,450.0,520.0,455.0,455.0,440.0,470.0,465.0,432.0,473.0,440.0,450.0,475.0,400.0,475.0,400.0,-625.0,475.0,-625.0,455.0
202212030UTA,-204.0,-189.0,-208.0,-200.0,-200.0,-192.0,-204.0,-204.0,-200.0,-200.0,-204.0,-200.0,-213.0,-200.0,-189.0,162.0,175.0,174.0,166.0,160.0,168.0,174.0,172.0,177.0,165.0,162.0,170.0,165.0,170.0,154.0,-196.0,167.0,-200.0,166.0
202212040BRK,108.0,120.0,120.0,112.0,104.0,114.0,127.0,110.0,114.0,120.0,108.0,114.0,106.0,114.0,114.0,-135.0,-128.0,-141.0,-133.0,-125.0,-130.0,-130.0,-130.0,-127.0,-141.0,-135.0,-135.0,-135.0,-135.0,-139.0,114.0,-132.0,112.0,-133.0
202212040DET,204.0,231.0,218.0,215.0,200.0,216.0,238.0,227.0,215.0,210.0,204.0,220.0,215.0,225.0,220.0,-263.0,-250.0,-270.0,-263.0,-250.0,-250.0,-286.0,-278.0,-244.0,-263.0,-263.0,-270.0,-294.0,-278.0,-278.0,215.0,-256.0,215.0,-263.0
202212040NOP,-130.0,-122.0,-132.0,-128.0,-125.0,-125.0,-112.0,-125.0,-120.0,-122.0,-130.0,-130.0,-130.0,-132.0,-125.0,104.0,116.0,112.0,108.0,104.0,110.0,110.0,106.0,108.0,104.0,104.0,110.0,102.0,110.0,104.0,-127.0,108.0,-128.0,108.0
202212040NYK,112.0,129.0,120.0,114.0,110.0,116.0,123.0,116.0,117.0,120.0,112.0,125.0,112.0,125.0,114.0,-139.0,-137.0,-141.0,-135.0,-133.0,-132.0,-143.0,-137.0,-128.0,-143.0,-139.0,-145.0,-143.0,-147.0,-139.0,114.0,-133.0,114.0,-135.0
202212040POR,-217.0,-189.0,-189.0,-213.0,-192.0,-200.0,-200.0,-200.0,-196.0,-200.0,-217.0,-200.0,-213.0,-200.0,-200.0,172.0,175.0,161.0,175.0,150.0,175.0,170.0,169.0,175.0,165.0,172.0,170.0,160.0,170.0,165.0,-208.0,177.0,-213.0,175.0
202212040SAC,-156.0,-143.0,-159.0,-152.0,-143.0,-149.0,-156.0,-149.0,-147.0,-147.0,-156.0,-149.0,-156.0,-152.0,-143.0,125.0,134.0,133.0,127.0,120.0,131.0,134.0,127.0,131.0,123.0,125.0,129.0,122.0,129.0,120.0,-152.0,129.0,-152.0,127.0
202212040SAS,375.0,409.0,384.0,380.0,430.0,390.0,400.0,395.0,384.0,390.0,375.0,359.0,370.0,375.0,333.0,-526.0,-455.0,-500.0,-500.0,-625.0,-476.0,-500.0,-526.0,-476.0,-526.0,-526.0,-476.0,-556.0,-500.0,-455.0,392.0,-500.0,380.0,-500.0
202212040WAS,-123.0,-118.0,-120.0,-120.0,-118.0,-119.0,-137.0,-123.0,-125.0,-118.0,-123.0,-125.0,-125.0,-125.0,-120.0,100.0,110.0,102.0,102.0,100.0,104.0,119.0,104.0,112.0,100.0,100.0,104.0,-102.0,104.0,100.0,-120.0,104.0,-120.0,102.0
