,home_MP,home_FG,home_FGA,home_FG%,home_3P,home_3PA,home_3P%,home_FT,home_FTA,home_FT%,home_ORB,home_DRB,home_TRB,home_AST,home_STL,home_BLK,home_TOV,home_PF,home_PTS,home_TS%,home_eFG%,home_3pAr,home_FTr,home_ORB%,home_DRB%,home_TRB%,home_AST%,home_STL%,home_BLK%,home_TOV%,home_USG%,home_Ortg,home_Drtg,home_poss,home_pace,home_poss_per_poss,home_ass_per_poss,away_MP,away_FG,away_FGA,away_FG%,away_3P,away_3PA,away_3P%,away_FT,away_FTA,away_FT%,away_ORB,away_DRB,away_TRB,away_AST,away_STL,away_BLK,away_TOV,away_PF,away_PTS,away_TS%,away_eFG%,away_3pAr,away_FTr,away_ORB%,away_DRB%,away_TRB%,away_AST%,away_STL%,away_BLK%,away_TOV%,away_USG%,away_Ortg,away_Drtg,away_poss,away_pace,away_poss_per_poss,away_ass_per_poss
PCA1,0.03724766773047592,0.19550642225547243,0.06294437675884391,0.1718492379035637,0.16007125538989797,0.10449937167283194,0.12294463209473702,0.03881830713769384,0.025025361900701735,0.03810394502599202,-0.02681328823940969,-0.07396420002545405,-0.07633357306864524,0.15704015852173467,-0.028574439395344205,-0.046696452989170675,-0.03474430974170759,0.019783027022926763,0.2288786850948211,0.1961221478991623,0.1939663917657369,0.09146039210053093,0.0071351834962090546,0.006797319017354491,-0.0038533006319849475,0.003643357263929858,0.05077516759382958,-0.04307429580048785,-0.03431258629184505,-0.049266062790587276,-3.062596890346349e-31,0.21122733195749582,0.21923024885938122,0.08355150151795918,0.07805521998074764,0.20919670771397433,0.13600104999546558,0.03724766773047595,0.20457730789512388,0.06830840342513332,0.17913647310799902,0.16719492946511988,0.10896574998094652,0.13369059011609727,0.04428442630924226,0.0298507960649547,0.042261643529053095,-0.025422289943296723,-0.07761928133925836,-0.07909772440691072,0.16612364552105222,-0.01841666215723961,-0.037097094064656826,-0.04929885451757491,0.016096345872520398,0.23560954033979217,0.20329699039426982,0.20114768766491972,0.09438649118064898,0.01037490619518955,0.00384835381825361,-0.006802430790994762,-0.003612621901850362,0.05747978418687627,-0.03324923665937412,-0.024131899449018675,-0.06407765061489917,0.0,0.21923024885938122,0.21122733195749582,0.0816110525300078,0.076680594586355,0.21839005322503038,0.14730560307527163
PCA2,-0.01880510853558717,0.16843925905750912,-0.022780149450889575,0.20238316597702546,0.10512727321927803,0.0016094785213949248,0.15354687681403234,-0.013544469463562647,-0.025096719109349828,0.02999459103221273,0.009738134335403194,0.1698772774914066,0.14551251266945725,0.15921242506814243,0.0115061717218389,0.06631696430933597,0.029575947275706612,0.0002615441891652275,0.16481881167556287,0.20193211259870686,0.2066279261251429,0.008989152259271478,-0.01717224995186957,0.08541118413464728,0.07154972278498867,0.22229724846843224,0.07245182266828674,0.013597768663591296,0.06077656642946327,0.03457295344815306,4.844399533830332e-31,0.19546787027101217,-0.184885327594335,-0.028766683713337828,-0.029232837282557038,0.20289367097931388,0.1710676507364032,-0.018805108535587246,-0.15981694624285742,0.008845738824123107,-0.18478937140147442,-0.10784988064998226,-0.02180067557660168,-0.13703385225817896,-0.013347585288506469,-0.0013912234587473951,-0.034503592328031345,-0.008415537699814785,-0.19264504743308436,-0.16475921395371057,-0.13744112804178202,0.006666275774282365,-0.08102506238403259,-0.016632083540211524,-0.03365800055699013,-0.16737066930968908,-0.1903171974968232,-0.19098701618770392,-0.02659838365066874,-0.0038985545173731893,-0.07154613330108285,-0.08541424663184108,-0.22228582125793267,-0.05270755834700026,0.008518806323623625,-0.07671775359737684,-0.017115076455072677,0.0,-0.184885327594335,0.19546787027101217,0.0042920281007875274,-0.004608632643152853,-0.1906409374672605,-0.1422277487347319
PCA3,0.2295293145468301,0.06153214018166921,0.19521794454409544,-0.06952443143577956,0.04250609971212133,0.10321618837078032,-0.048099806375108155,0.09908297612632806,0.11293553268203836,-0.0190625399388715,0.06617916389915739,0.17768954467783524,0.18439561690812364,0.030629445870491746,0.05872091546970269,0.0857096852534131,0.0968798464238655,0.1354058339338616,0.11043099713996124,-0.049003999105523735,-0.057978703169250266,0.04730895029470317,0.055117144810618225,-0.0011293713325002978,0.007640730951968746,0.012667679608312906,-0.008036356598060415,0.010618062948077486,0.06575166354685366,0.029477653175967317,-5.905104995633203e-31,-0.057888115301817936,-0.07376179954123167,0.3159192631702235,0.3309878199626691,-0.059496584050166085,-0.05874413820274171,0.22952931454683007,0.04252168082569742,0.20344232476933657,-0.0964985617388492,0.024980474653718283,0.09973795694427395,-0.07028960428521001,0.11081006685461338,0.12322380991327804,-0.009634642922134225,0.06665743099029266,0.15212726200584478,0.16473826617616372,0.015033015654260424,0.07835404488507497,0.06841634356623041,0.07904250889670926,0.12806377042311856,0.092147814705236,-0.07332617488434164,-0.08611036131392034,0.04141476097508511,0.062277533031072294,-0.007640434914506938,0.001128103384633558,-0.012719377150855405,-0.011569753472776462,0.02912807224725697,0.04940140401200377,0.01162302222229153,-0.0,-0.07376179954123167,-0.057888115301817936,0.31827114726134864,0.3330778757648676,-0.07602616305130624,-0.07321593639103227
PCA4,0.0032202677540078693,0.0382632816943776,-0.09380515837872254,0.10933777161098611,0.05822278067379761,3.794330520404635e-05,0.09352396527149721,-0.017214540321550977,-0.0181268828610922,-1.5905430659562497e-05,-0.24353264350460907,-0.12053984305156515,-0.23928925815024796,0.08701421942933521,0.12450194995598528,0.0804708312419276,-0.05944480241239375,0.08048744389016557,0.04154766649670662,0.11508426345370869,0.11830470882050337,0.029099859755056134,0.0060845062693452145,-0.23866602065454895,-0.2834073328386816,-0.3053058619903216,0.08316855311543946,0.12728727263402959,0.05325476670641466,-0.029395228569438075,5.7975628416251215e-30,0.046790721882413996,-0.02729213941535634,-0.01080066344251611,-0.006646987346782198,0.05259677178724027,0.0915945190060664,0.0032202677540079175,-0.04558679380518235,0.02972462706939903,-0.07201242909334174,-0.09931012693975794,-0.06936152490334277,-0.07516114215053656,0.09723059111571383,0.1015520546947482,0.00324150388586839,0.261947879158575,0.04531480288464176,0.18877849423098114,-0.09535881129573061,-0.05289601073393325,-0.08274948581436896,0.13566358228681985,-0.0010969886562119536,-0.022972013600273292,-0.0752212617376225,-0.09641012918811108,-0.08261659183971022,0.08600766209501574,0.28341340085616906,0.23866721635076754,0.3053228025780786,-0.08770310517743406,-0.054589606480290084,-0.060762207215986276,0.10548840134784751,0.0,-0.02729213941535634,0.046790721882413996,0.018176307790506052,0.015044698963164255,-0.03672464454847633,-0.1033794127591958
PCA5,-0.013957093093173006,-0.06181872065114516,-0.1574406323413208,0.04424802262114858,-0.14561142649489522,-0.1826297693442885,-0.015859056870827802,0.270589339443943,0.2746368693812669,0.03471948935930457,0.06695616215342354,-0.13277102334962343,-0.07085846228215469,-0.11231292600441038,0.041093413647475006,-0.0334459702879832,0.12879383503892428,0.227891435719379,0.030931793521402504,0.05814579094857119,-0.00184160603671935,-0.14383794488434604,0.2896049088040846,0.12946804657849356,-0.03890822603612578,0.060633582574369446,-0.0990396459758318,0.04503793484084738,-0.039364208444015364,0.12496241277715464,2.3427791483367537e-30,0.04532506394892068,0.06175920607055442,0.008376454167841068,0.0003819486945836057,0.029473003241563343,-0.11699996636238387,-0.013957093093172956,-0.04157245459687388,-0.15598897985853494,0.0646617704560799,-0.09587861848800501,-0.15079377869461108,0.020680802694411728,0.238199466577189,0.24300254573498517,0.028797206718042485,-0.01139590211455002,-0.17715355393185697,-0.15362059737058345,-0.07669136770262922,0.0995799502190326,-0.030376814868738132,0.06874623321964839,0.25874021523646146,0.04539179989035291,0.08419129936384857,0.031596929986389466,-0.1100930255691606,0.26201187431813233,0.03891452475344347,-0.1294756819883411,-0.060609549219540454,-0.06653930229813533,0.1045431157926917,-0.04348727947693649,0.0742586356734091,-0.0,0.06175920607055442,0.04532506394892068,0.0008013693067094991,-0.005270427071271452,0.05050223296448818,-0.07844154804004073
PCA6,-0.026426412356801807,-0.009609847665023827,-0.09676917390544151,0.05816502891158655,0.0474057818563551,0.03492353753353873,0.035245435444614746,-0.09817853206654087,-0.09792012489005752,-0.017461276276175858,-0.10100245393382339,-0.057719878588956074,-0.1056069138191893,0.07849159209992296,0.26813964636027837,-0.04515664954122091,0.3036487125902398,-0.03977953327182351,-0.03922204109232417,0.05456283416148146,0.07258335495780724,0.06841276393388454,-0.06563466839739866,-0.0680502128118721,0.0960152170143072,0.012534649417732665,0.11110234620994835,0.25779620903067346,-0.0064953788784823845,0.3095619711881615,4.3494188047428174e-30,-0.10355579656683038,-0.08057380763674181,0.08000260271042015,0.0488218870445842,-0.09095875155431875,0.056947495896011925,-0.026426412356801873,0.0020638156577998815,-0.11310027112029941,0.08178177412110425,0.05767914698299503,0.03290843493098538,0.05177914825066705,-0.09006884663749119,-0.08717405948380455,-0.021115512322547252,-0.13081234647712173,-0.056352250152774015,-0.12226400757490188,0.10868583495008705,0.28772315564959594,-0.037120126357010126,0.28595145031095914,-0.055036768154860166,-0.021485224994610353,0.07828736611099693,0.0960890286763913,0.07080028807651172,-0.05259841152010964,-0.09601988658024639,0.06805619037220638,-0.012481608646959345,0.13805057310327978,0.2791105343676643,-0.0018501586854302227,0.2942782330866662,-0.0,-0.08057380763674181,-0.10355579656683038,0.07777776355203446,0.04709943290884136,-0.06735382623552154,0.08971241200701655
PCA7,0.0005764459548572074,0.11923131507240561,0.2729617071322976,-0.06270607021157261,0.005450886341091611,0.04346803420396899,-0.03985029950793254,-0.08746143778619023,-0.08279217386381703,-0.027297387257079066,0.1806241206722788,-0.12214645471323213,0.0032415116258292017,0.05648452395830643,0.25397234532933227,-0.05997207678508485,-0.2386837330922536,0.06982312813441205,0.05843392322662787,-0.10016010048660515,-0.07188348952674811,-0.04222123348828161,-0.14205272087204104,0.1222027072047275,0.0829797146719886,0.00020733329523285916,-0.021740568258665646,0.25843025018737564,-0.012307475651536828,-0.27336374968732774,4.5411235013475563e-29,0.063298017664279,-0.0505726929827163,0.018800859989821776,0.014318705404830226,0.055358309957238575,0.052299001310472465,0.0005764459548572166,-0.10392468076405556,-0.2638210573825888,0.07127632270800073,-0.016873216004461674,-0.06442423795618442,0.04522087782792324,0.1049097220445397,0.10652133839673762,0.010245549746255463,-0.14482945806792746,0.10329239655047771,0.0021581277661587377,-0.05214839501371351,-0.22982494482994595,0.061920588313538735,0.2586659032139977,-0.050508414255177096,-0.040750121867152364,0.1023463029813735,0.07303860446350627,0.015860714955002526,0.16287059158571876,-0.08297511997997155,-0.12220466127458093,-0.00019022146390603814,0.01342349182864085,-0.23710230328844736,0.004769228999239371,0.28578406702009584,-0.0,-0.0505726929827163,0.063298017664279,-0.001573501932194798,-0.0008738667457655887,-0.045009205323669095,-0.05278665811975083
PCA8,0.061632689954021096,0.09562107218441779,0.13599164613033943,0.009465085160251754,-0.06724166861064095,-0.07924358561047211,-0.014570236025737385,-0.14711177138030707,-0.1401892032205233,-0.04336648233219017,0.3035080020330773,-0.14634922646578982,0.05395544561866176,0.042881659183759864,0.06182704198479317,0.11368833980692576,0.11021903721052105,-0.06685883555349921,-0.011776088457347074,-0.06309083546214068,-0.026447662811981982,-0.12838418746695465,-0.16218261250419905,0.33157479030977255,-0.3173382955302687,0.006318778278769934,-0.020739362901602054,0.0725919554039453,0.056798708251674115,0.08269427149682165,9.342691254441959e-30,0.019261957515584186,0.0664219318595156,-0.03368017967462401,0.0004052436897486997,0.006681782251295898,0.053543007801322325,0.06163268995402106,0.10435800098821828,0.13224821926613428,0.022352541768733428,-0.057140443162593674,-0.08449591082704974,0.001116311919842622,-0.07575498228615984,-0.0753892220672654,-0.0127375517839509,0.28844729637320693,-0.144971500162809,0.04612592951874166,0.03632970454077828,0.1395493156624822,0.07514483874605049,0.04601182334051374,-0.11636745539263368,0.03149806212294524,-0.03252088334169493,-0.012114300513388312,-0.1329504132630972,-0.10173252912963388,0.3173350206632877,-0.331571073083333,-0.0063039274595208155,-0.03385295025602803,0.15268642270197152,0.018189916918275876,0.018460102956417396,0.0,0.0664219318595156,0.019261957515584186,-0.031508768787205155,0.0020853701564129477,0.05223625207854487,0.045781356009311304
PCA9,-0.012740369323829262,0.033879753689808396,0.06854746899836081,-0.011160134176714947,0.09382592840288591,0.09353646070281327,0.0366018367831607,-0.28215384540085703,-0.2821180374695954,-0.04775651296852637,-0.012635334550663818,0.0044193328759712285,-0.0036244005771906046,0.07355387282407602,-0.17997422563142038,-0.03208490625444015,0.11572751978253748,0.24110676411744927,-0.07552627742719854,-0.04267324136979282,0.018522123536615743,0.07811577080535395,-0.27504366546215486,-0.022404621236820063,0.06318568459761843,0.008169881214078054,0.06987273634808687,-0.18391406144910372,-0.03134316242317577,0.11928012332262883,-1.8776481027476007e-28,-0.08515663467837252,0.07790488530105688,0.0011420437309552405,-0.004029903661407607,-0.0863190545244231,0.07418722631239036,-0.012740369323829243,-0.06243108672415405,-0.10619492901513403,0.005769494357665349,-0.08345399167732943,-0.08325667564095154,-0.037525131280696906,0.31342591529240726,0.3074948782819172,0.06995142091857745,-0.06540318716233139,0.029059840663078526,-0.01362224022070205,-0.1048782653057765,0.14040267353461175,0.009332446285690481,-0.15472707737446598,-0.21588577720023533,0.06672255253820308,0.05424091557333888,-0.01673661505521846,-0.055159686679119586,0.30989415520001157,-0.06319369393460583,0.022403226411898933,-0.008160232540148554,-0.08900817052799312,0.14505676528702033,0.020453747409949822,-0.14718072468731086,-0.0,0.07790488530105688,-0.08515663467837252,-0.012820579198062456,-0.014448327257386987,0.0821987835979453,-0.10360862311916466
PCA10,0.23251751408066665,0.15210215291185558,0.042802469647422334,0.13954318414939906,-0.20546061158103385,-0.29539136256596193,0.01857976632325957,-0.0938920847919462,-0.0866191579736296,-0.031502126823275044,-0.12995547422500744,0.008984499811998356,-0.06731353399176038,0.01589093661305743,-0.030934440401641693,-0.0815365120570117,-0.03279347861541335,-0.08064942226122986,0.016324008527648533,0.015481187504535154,0.04034386414747348,-0.328403556034793,-0.09088711736272237,-0.1256136433540733,0.12691268434957367,-9.330526704331315e-05,-0.10356585973330694,-0.044189132707299524,-0.18081276543743321,-0.029953501289124208,-2.307462544163005e-28,-0.030425417484428337,-0.023173869135910956,0.06017042248373967,0.1408900670881899,-0.01654292837398579,-0.0009554102533809976,0.23251751408066662,0.15653256286783143,0.04239203918662735,0.1441843868892954,-0.19959886962053613,-0.28466037674543115,0.006497444396914262,-0.09172990055381587,-0.09447742595388249,-0.010646890553707296,-0.13429128810910818,0.014596175032497247,-0.06538173700453331,0.008406145347599259,-0.030908702203695994,-0.0869696553634573,-0.03223455580497994,-0.059584589280975514,0.022034954437468945,0.022693226666546384,0.04464085584806058,-0.31667119990312775,-0.09818357049549631,-0.12690248100106521,0.12559902665956368,0.00012971421361011068,-0.11047456097321805,-0.04527240909138199,-0.18981080896440017,-0.0286168613997058,0.0,-0.023173869135910956,-0.030425417484428337,0.05880381202477558,0.14018895884166419,-0.009065006366504952,-0.007409406777717922
PCA11,0.007438478021309414,-0.13286988049431675,-0.011591166737373516,-0.13846442704876538,0.23152762264932797,0.211333407876916,0.11665204972686591,0.11580902507715812,0.1096726154893326,0.039159335111449936,0.058965813316835834,-0.05942670263426942,-0.015044558947906479,0.12413775947393815,-0.01886402576412052,-0.16483272622432305,0.005190183478808996,-0.0528245809870105,0.01793747523700374,-0.005577748394082189,-0.03275039812294339,0.22896679710181791,0.1025089497349699,0.036362451211448016,0.0191969947476803,-0.0192096223521007,0.272443729975045,-0.018563134527171905,-0.26458474643522956,-0.003826341764345434,-1.3433034284684779e-27,0.023763073748741263,-0.03172053578434528,0.015859297985166446,0.015513466767935762,0.011791336905151821,0.12313963585267555,0.007438478021309369,0.11716080650801759,-0.00016775852144465197,0.13016117060228696,-0.2865188252108653,-0.30094620932001653,-0.11012731903791101,-0.07532022245926352,-0.06995565933114432,-0.02178623627562975,-0.04547072659111729,0.048499819795053224,0.014016355329880013,0.006465926168385323,0.012588931305939273,0.2661652080689938,-0.01161885099775138,0.07808748147352944,-0.028877325549371505,-0.011513084800216029,0.00613387615445259,-0.3193053493348804,-0.0654938880265932,-0.01918113554890941,-0.03634883724466237,0.019193607734907765,-0.0816898876498638,0.01379675823641446,0.3397723016267113,-0.002222690841029589,-0.0,-0.03172053578434528,0.023763073748741263,-0.018766725940620555,-0.010464245186067186,-0.023219363171379754,0.011505953866234214
PCA12,-0.03294769491229033,0.00488557496430447,-0.015206136081204448,0.01565249841351984,-0.1581826120507556,-0.19627495643321816,-0.022274687412659946,0.027765409779414083,0.05169861225781477,-0.056534637714021715,-0.02882606851787325,0.032403867571595225,0.010115861977597802,0.23880528837587067,-0.053188585003527945,0.2314195073957941,-0.0479347144716286,0.08284590048739465,-0.032478237442287346,-0.04034676725267735,-0.041351413152526204,-0.20398423044532127,0.05197929313782852,-0.03061470422631904,0.01978477538299481,0.004575898756442319,0.31172353309275685,-0.05327719923521425,0.21951143776610785,-0.045471347131553576,-4.11855138947478e-28,-0.036145573153208134,-0.02932766617417749,-0.0010858814141230051,-0.014153786707615185,-0.036886292924352505,0.24407081784698836,-0.032947694912290465,-0.06260376907097549,-0.026409260027494805,-0.051149211326523385,-0.05358448906084724,-0.09273185613188188,0.018867087815883768,0.0887603491926044,0.11101160256133237,-0.040036412702774894,-0.008825418085036493,0.009973312818863074,0.003185238792828662,0.32034950207861357,-0.047446331235851125,0.14392184166400704,-0.053206488992275945,0.03593697505525338,-0.026333025465587988,-0.04388940464556572,-0.058888626941839016,-0.08960797660267275,0.10921490959657819,-0.019767433851365812,0.03061496514448356,-0.004560978026527277,0.46467576491057433,-0.04839137484188501,0.0922669086639979,-0.05327775519223576,-0.0,-0.02932766617417749,-0.036145573153208134,0.002173338265520184,-0.01185135473842329,-0.03176789855076105,0.3276894215130353
PCA13,-0.06891880881965909,0.05141652196360479,0.0039207073524550155,0.053875279659859776,0.0023543575874351544,-0.08374684576361263,0.09684639367215435,-0.0061408795489001,-0.03462475743912846,0.06905355909380288,-0.09425423322512283,-0.02837531310802889,-0.07755856132032693,-0.0854701297855253,0.01649332474925266,0.41613070586827466,0.0030787710232388714,-0.07126475249090272,0.040052996937149574,0.051476353481777065,0.04560047921042369,-0.08985266497809419,-0.032408908239607695,-0.0761225977560034,0.08216735435437152,0.0026889008723401647,-0.15349475346919791,0.009150241711422721,0.41875530653063037,0.005333306169157225,-1.6890101854647383e-27,0.01941960439654236,0.023009017446577303,0.04415942981461539,0.004982525300683178,0.019277365944978204,-0.10051211102288128,-0.06891880881965902,0.04962459908012771,0.002075347661839146,0.05322360382976143,0.03501075201302284,-0.04915278683335459,0.106247043606447,-0.018053886519561427,-0.04893560726731985,0.072939265744096,-0.10074354671290511,-0.027265166643806207,-0.08076844490987628,-0.1370099982960312,0.014521820079583553,0.42695326481488477,0.009846972609074854,-0.04973537622782131,0.04234804583376922,0.0590997286223009,0.05599993445045588,-0.05300820150994908,-0.04562990785870565,-0.08214722211751464,0.0761161951399986,-0.0026413406561909642,-0.2170788170438879,0.007532161562015254,0.41364339613181356,0.012936727446635541,-0.0,0.023009017446577303,0.01941960439654236,0.04263233828741278,0.003763409258284898,0.023717066915652393,-0.15318304182855924
PCA14,-0.03176670756099861,-0.0862749627652755,0.00785347109661849,-0.1017415524489485,0.04594332229290851,0.1936486340867584,-0.15045192307422067,0.062461661566237184,0.061466640509626067,0.01608337868616457,0.08068139381521285,-0.05399481727176068,0.0019138461513727163,0.08958589376251548,-0.003078427763416367,0.3996348414227907,-0.008579692285550852,-0.07150061429711191,-0.027043531925504287,-0.054081589191100815,-0.06905824888190146,0.2032944611872617,0.054015109743594816,0.046113704748503986,0.07688853103738316,0.005825810940319868,0.1880462752066988,-0.006123680733311106,0.35663351765927237,-0.015805030003922558,-2.532429034006382e-27,-0.03832793361569756,0.03875311056243778,-0.01014889869500623,-0.020806303837198732,-0.0248844143912931,0.09406082604742103,-0.03176670756099863,0.08880705868322139,0.005924688032067833,0.0955407418635298,-0.06968712335323735,-0.1855953135282729,0.0993762321683066,-0.02156448638907559,-0.05806892535918379,0.08154528544470455,-0.10530437256698603,0.06710936250837693,-0.005065948392062783,-0.0604237236487231,0.005355045454325803,-0.4106440293009814,-0.005352033792456665,0.0474282140038687,0.03980562152217913,0.05755422195507573,0.053663890200711335,-0.19944145419553364,-0.05592473904160504,-0.07690319515383139,-0.04610818871445578,-0.005794900313320239,-0.14849705454047385,0.003827260198404214,-0.36488192537993236,-0.0010713210521009755,0.0,0.03875311056243778,-0.03832793361569756,0.0352881718174189,0.013083753727738238,0.025169839910909087,-0.07161961402362212
PCA15,0.1617241477100404,-0.05336949589571712,-0.05982010200598013,-0.016169007905830864,-0.15983113347611985,-0.16735918250911774,-0.051255697601208516,0.02940341887384513,0.05291309237496445,-0.05501360184840587,0.007282652587167257,-0.027359105346010455,-0.018346535807285763,0.29691218234489664,-0.027587888684615116,-0.10580333007220176,-0.007266926276366478,-0.07228648251108073,-0.08004158326951487,-0.06102685101660248,-0.06492021112437568,-0.15902301384128537,0.06298310393508592,0.017188857656680906,-0.002756511544199527,0.005026031021591804,0.4389226628879419,-0.016643775142190096,-0.04085607518194674,0.0018902401174750799,4.885777752091119e-27,-0.05176669196625647,0.050079809074798115,-0.04995476079083152,0.029516140509323045,-0.06043033705966753,0.31773022526202255,0.16172414771004043,-0.056220940308519096,-0.03540860130931708,-0.03640597923395363,0.20383439560301517,0.19740924166809015,0.09459949778977762,-0.017815132831675285,-0.062437534778233134,0.11576479582520759,-0.008537555462155245,-0.024202121240139637,-0.025015557983421925,-0.26176983999277054,-0.0064605651709288255,0.0866765951482459,-0.0034625560562190935,0.09081782519306811,0.009811784642704704,0.05465977051008585,0.0452164551534818,0.22254775627506393,-0.048918377008167896,0.0027527331200266282,-0.017192873407107522,-0.005040723535563074,-0.2939738420516108,0.004749007432205066,0.05621636932818514,0.012904665623829978,-0.0,0.050079809074798115,-0.05176669196625647,-0.07350554666322258,0.012014062455721506,0.05296095995167729,-0.24652560926275277
PCA16,0.521922660609758,-0.14400220355860543,-0.13723042133370042,-0.05992606738696205,0.15397181324122947,0.09657536475366182,0.13132823865972898,-0.02659728835401747,-0.0591345692468218,0.07620506450050925,-0.009328171062339848,-0.11663669172538539,-0.10142693540476842,-0.13190924308553645,-0.06892885254415947,0.09917221201641167,-0.014691580513122169,0.04638503409102477,-0.08248231406179748,0.02666609637973202,0.015377943207126574,0.1483539262743346,-0.019482706504562932,0.031264281702582775,-0.01806941975026627,0.003486018507664369,-0.05546628725703455,-0.03200519620940937,0.1394066883564952,0.02768576251881811,-1.7927838978904185e-26,0.03397215499548212,-0.004252194455773259,-0.19991551364479448,0.06561311634312253,0.025877794076745165,-0.07529387409893772,0.5219226606097578,-0.14778043488887244,-0.15684255590271376,-0.05129018443297224,0.04096644482008151,-0.020275272439880712,0.08921450538124871,-0.009753341239927863,-0.022694885505588333,0.025270404323047183,-0.025453102869099336,-0.10333891764216116,-0.10046378768972754,0.03114716996280511,-0.07682253001567163,-0.012341364017052686,-0.016048547309195655,-0.000860693924214311,-0.1101450578632609,-0.005601684864946351,-0.015076844217946278,0.030692136880923277,0.016349713022076627,0.018059425243720614,-0.031271429202541466,-0.0034576325672704,0.1581742218724557,-0.04253293933491638,0.05239868369603954,0.029433943858625567,-0.0,-0.004252194455773259,0.03397215499548212,-0.19264898672203098,0.0716279427139142,-0.015907557906321545,0.08817428557343474
PCA17,0.007881767604378753,0.015271634699598777,-0.050003930059897686,0.05343567240650534,0.0820348517633255,0.013402221993258063,0.11581676479042165,-0.141128027083348,0.07028001441406558,-0.5856967924354242,0.02409991654601249,0.024690316345747847,0.03419077784109022,-0.003504838311714059,-0.04163034673281522,0.04999807954815175,0.012979395988459317,0.11716157192124847,-0.028154881183075766,-0.01707091668897208,0.07700127678499893,0.02925502987434477,0.07894460456575823,0.011477992801375245,-0.002006752201351995,0.005042191292775682,-0.016319617723578095,-0.04243339461900446,0.05163042094940096,0.016068662615124085,-4.1312188555465914e-26,-0.03127592357915183,-0.016251512837673277,-0.02605779860289185,-0.016238496082616006,-0.016843881948553147,0.003046158647393787,0.007881767604378802,0.04728034797824166,-0.03999940907206963,0.08260923639966007,0.08465340904355834,-0.023957209548206723,0.16247256762314935,-0.17465314226383288,0.06926343559310659,-0.6581655180956367,0.01362116669401118,0.023850574614783637,0.027657422715284846,-0.04664740640370584,-0.04512895487560734,-0.004495703934535449,-0.0035709328839579817,0.1145195191380388,-0.015396089629400707,-0.008954006254872608,0.10107198066707641,-0.012693420398821428,0.07329602453779568,0.0020045364228701464,-0.011473013249216738,-0.005033616150948672,-0.09751016483193138,-0.04601996467561362,0.01674363539610872,-0.0012081344687675782,-0.0,-0.016251512837673277,-0.03127592357915183,-0.01935234687270844,-0.011188427296731295,-0.00640968893281648,-0.04192337528035082
PCA18,-0.002849907752874768,0.04232046155172146,-0.029513392824635734,0.06850509103675097,0.07734742423558232,0.011529693691310712,0.10713605442360027,-0.14057706540670703,0.11044311560703997,-0.6833834111586565,0.0451253217634919,-0.04458425060627451,-0.010777157779580448,-0.037494433380395854,0.00906713223327003,0.0017062658404458123,-0.004609010530188045,-0.10345085248401918,-0.007161528277732758,-0.02094712660356014,0.08634558854525504,0.02197510213785618,0.11015207757006121,0.020779729804655707,0.022431307486878615,-0.014742796850758386,-0.08409526455540538,0.010838604425806484,-0.0009721633399807357,-0.008414870046206589,5.327646460986162e-26,-0.0061423375516201865,0.007705932361366319,-0.002678069522645756,-0.003606345986770572,-0.00714333490137105,-0.038185849516342366,-0.0028499077528749955,-0.044324963305792185,0.01182099980149385,-0.05873250131826408,-0.06183189316495431,0.001716793734357183,-0.10375250755488977,0.128411973626724,-0.09340381112663644,0.5903512745372378,-0.0476884595060466,0.0448339433130445,0.009693723331475161,0.0256749502973686,0.0005887219954091808,0.003301963972367204,-0.0018597965671962586,0.09788431732943624,0.003787157871673563,0.023762981763580496,-0.0713444000541616,-0.0038651653051684745,-0.08851620213895378,-0.022435443595795787,-0.020778262124793802,0.014713868413521479,0.06644297829694387,0.001521099012789195,0.01474665385582211,0.005562462611151185,-0.0,0.007705932361366319,-0.0061423375516201865,-0.010106370604734575,-0.009444550167213147,0.010922343840322937,0.029249818386313974
PCA19,0.03242724597403079,0.08885099914222201,-0.011191558010866047,0.10526528168604177,-0.17293202595985369,0.10976155082681971,-0.42333257799931273,-0.055655219681029676,-0.03597314218459,-0.060924399056254276,-0.03988025596199541,-0.1769820125520291,-0.1686932494676403,0.0325406127641269,-0.14129330065394927,0.04119601137339062,0.0343583857219983,0.09155117513930641,-0.007418368569603571,0.010137169843020833,0.027993576828349916,0.12391770885939933,-0.0299465977601085,0.0230022979727871,-0.01210777504769659,-0.008186490154425763,-0.02841545089498375,-0.1453480343933665,0.10354586176616432,0.03682563711855949,-5.791277110079576e-26,-0.011200064838103744,-0.016638206842473108,0.011923340700071058,0.02198996505900552,-0.014657041183843443,0.031147060613259114,0.032427245974030745,0.11055777128497951,-0.0310927909439412,0.14301831645884083,-0.22997187970528685,0.16526031775537328,-0.5763541597422036,-0.06554976990345139,-0.03489052655035123,-0.09381436609098143,-0.0633131191086605,-0.14046327386084634,-0.15312676689767726,0.031064572132164396,-0.10659030892235848,0.03737252712388094,0.05994714684349527,0.10398037624698787,-0.01226339360675502,0.017146354936579362,0.03905842627572132,0.18799524651955768,-0.02471862362837273,0.012064171157272088,-0.023009090541506436,0.008268947241159603,-0.04590235413902287,-0.11087586624112844,0.07630962014137857,0.06545019927546326,-0.0,-0.016638206842473108,-0.011200064838103744,0.020134245920843778,0.028419275108466854,-0.02430384479623857,0.026073959390626053
PCA20,-0.0014155771407137609,-0.08799524516486348,0.06118992741233481,-0.13895103995562336,0.1818953238940518,-0.1913148897256082,0.5381461369335848,0.04938011594767491,0.02493477777317534,0.07575155116967419,0.11521866864996835,-0.09964240776579641,-0.015826322007830983,-0.026547829138449445,-0.07205431185824555,0.05684340411310629,-0.08290983011397064,-0.09395010338061978,0.007976648686423164,-0.03954198301637968,-0.05578150138064794,-0.2232045560809475,0.009946246667731484,0.03370034825565102,0.05271617288655806,-0.07470384438381913,0.04007007020116071,-0.0731249652635873,0.1251045466785564,-0.09188547746680566,3.7019146804963e-25,0.01509694967978885,0.005032813050482645,-0.03479993284350768,-0.027159415987235497,0.030007582081359625,-0.01668954602695898,-0.0014155771407138014,0.0647131475250016,-0.0631131858869428,0.11473167254253408,-0.1345308654695411,0.1658043914780919,-0.43124558555742587,-0.022490052500612628,0.014328023756580054,-0.10005874524136416,-0.09786950068378832,0.1714506744422284,0.08583186337778419,0.01797787490478713,0.17106333656551068,-0.07069832415077096,0.02207229015426732,0.023315680616436532,6.517165081736908e-05,0.03679453135216012,0.05162136178565878,0.1977978552894076,0.02825242453276548,-0.052749406656912134,-0.03371379422761398,0.07471137001856314,-0.02953985854647843,0.17810865768271375,-0.14498460749123113,0.0326655979130486,0.0,0.005032813050482645,0.01509694967978885,0.006669164746850819,0.003773922729257099,-0.0041860901227297916,0.01485224772653607
PCA21,-0.12454094328904318,-0.027263293853705916,0.023602648401616126,-0.047898412093924966,0.11434823058660783,-0.06315301972285198,0.26975809059587175,-0.047215740937772026,-0.08633846056184526,0.10803607832216676,0.044830733364351276,-0.07171898475528196,-0.033295165545664945,0.007957132044643595,-0.3022521523988475,-0.011822920213851722,0.24336915734621498,0.18654834439717105,-0.00877030305094405,1.709096303013718e-05,-0.0009079653585604266,-0.07437980512994824,-0.08524126349839539,0.05902560509847978,-0.04983571869508474,-0.005460509786992073,0.03497970832892145,-0.3250406384215092,-0.02348449493729915,0.22575860454506952,-2.088460888963486e-25,-0.06957101068229703,-0.056247250891293454,0.10338996140122966,0.0261068739094703,-0.07237088167078826,-0.021493782185640242,-0.1245409432890431,-0.0008884277113312356,0.024309145084431952,-0.017135522940896222,0.07090057169150484,-0.015568947586391133,0.1372677335863505,-0.04692089247101257,-0.09616116185587628,0.12817726754682165,0.019537356945744322,-0.04920037916227982,-0.029563534040885707,0.009455589608260467,-0.32251617504412206,-0.03573191714597696,0.23325301888197544,0.1710494236066244,-0.00015077450746758808,0.01231663356872356,0.008995918598528387,-0.02594665652792926,-0.09417213551513266,0.04982697249891694,-0.05897916627872734,0.005520031962649974,0.012062785214666116,-0.34707181827292705,-0.06077811632312207,0.21608554642224,0.0,-0.056247250891293454,-0.06957101068229703,0.11071285109350892,0.031389080876931486,-0.06300836992387249,-0.02076011056004238
PCA22,-0.0071817000316601815,0.13232760854258843,0.14165002993357032,0.04403984096061916,-0.05542523759086291,0.06496741217173804,-0.17877042053403588,0.0008707209772040117,-2.3219446705478823e-05,0.007935072482080094,0.007917785242628077,-0.06728557740070915,-0.05086553360931075,0.0250395281871788,-0.3618444025789263,-0.030228701608567672,-0.14146816757790126,-0.2047426115009167,0.09166650720590572,0.001095679649810208,0.006089303049630434,0.024614628824504187,-0.036551599011090743,-0.02398423094178054,-0.025011738258034006,-0.08350558509844812,-0.07467517349437044,-0.37101969234229953,-0.015865234337742673,-0.1648328671771614,-1.9931658234992397e-24,0.10252610600366843,-0.1085346297747424,0.07523760186192753,0.053520484337066174,0.06064395888397299,0.004445607692153016,-0.007181700031660208,-0.12960100009173936,-0.14555607797561063,-0.0404419406864709,0.07144547694606797,-0.06819738811508945,0.20583144153806557,-0.020216194159379933,-0.018365380080022295,-0.007891807596597637,-0.00043298716473179685,0.07393904428340707,0.061122365085073516,-0.02654042061579843,0.3191745544550055,0.022987026697996182,0.17664870475569794,0.2390747892606302,-0.09093026166017475,0.004206353797686594,0.0034938755037386368,-0.0256433455698924,0.019992205041032687,0.025000984328429756,0.02398893880482422,0.08353940449518506,0.06759922399610933,0.3265502123983671,0.006434652748397534,0.19791467347408187,0.0,-0.1085346297747424,0.10252610600366843,-0.0704777718374484,-0.055515060610059015,-0.06465931333423912,-0.008309246002997707
PCA23,0.018289118677593325,-0.013501228267870154,-0.035735001518226214,0.011595766669413903,-0.006962598554846586,0.0033976819916251904,-0.02273146439555857,0.0995723961516779,0.11934774127476148,-0.05881761857690488,0.016204990100150935,0.017679529224560925,0.02387766010056011,0.00404319359610497,-0.0965006490216064,-0.013401436353544374,0.172708721996434,-0.6854136257471662,0.03357595574063729,0.025922164430848885,0.010307886830205237,0.016305462512361108,0.12103918194947055,0.015933047342267435,-0.04281102074454052,0.002935801557057246,0.015603891873994106,-0.11127862470208762,0.01415388808820771,0.15419311835700567,-3.207658195229907e-23,-0.0022617561293791144,-0.011857905321877827,0.12295536717955857,0.09878287044251341,-0.036666498024709705,-0.03429868662540985,0.018289118677593346,-0.0445760245861689,-0.1028804885253142,0.02471577529529733,-0.02586254342017199,-0.00986204255450069,-0.03718122672343673,0.14495402507464758,0.17759137692649352,-0.10376566095156858,0.04675161175625622,-0.017504637986579114,0.012450006984497277,-0.008138496644498892,-0.1573088931230166,-0.012245767947607344,0.07321231178206535,-0.4296269814031974,0.022213192546802013,0.04291355714939219,0.019848671048911262,0.0236107426906491,0.1930469962447476,0.04284181378482699,-0.015964289941883567,-0.0028697198023688057,0.022160139146672933,-0.17395849227012827,-0.0018543286762934422,0.0749793032712404,0.0,-0.011857905321877827,-0.0022617561293791144,-0.005193899889171145,0.002816685419176863,0.027071478363277383,-0.008108300378878497
PCA24,-0.004885784706198373,0.06889276731959851,0.17319558780941183,-0.04853889207922273,0.047277985366735886,0.025331817521183134,0.059070661208413804,-0.07219467685287077,-0.08703882370616473,0.0559681951649622,-0.07795930945335226,0.07429107768590343,0.01636747767862364,0.039718052768891024,0.14556123576743696,0.02140258469186092,0.1619727562791106,-0.19638033842342512,0.03739807445627412,-0.05358934843374848,-0.03713017878647893,-0.026830349445907235,-0.13028103328833787,-0.055824371516879,-0.040873783593859125,0.010771580623170565,-0.005596487615609338,0.1503584425091193,0.05390450920289863,0.1170121785452144,-1.124960165144985e-23,0.05330658544563382,-0.04498451344094703,0.30442889651743194,0.22570631423531154,-0.13714671646176485,-0.04960357272285225,-0.0048857847061983435,-0.050704263159235416,-0.14220694449465235,0.04357712219844982,-0.03971756092852301,-0.02141595956350924,-0.05708599886657145,0.005611260625755398,0.005034818946035811,-0.014672322670289291,0.06907932917735274,-0.05673816166420889,-0.007230388318158871,-0.03652232364820037,-0.07477050190102638,-0.011183550803546367,-0.22130872934162746,0.49264829629732065,-0.05032295735534324,0.03868248092328325,0.033503870977796224,0.026059085265287923,0.04092673276408281,0.040851658912688146,0.055792291227679904,-0.010781372597760403,-0.006311760719519495,-0.07368733403961443,-0.053909234885561264,-0.16954950594549364,0.0,-0.04498451344094703,0.05330658544563382,-0.3468549843024872,-0.2618252726071778,0.13896650579191244,0.06200459104524963
PCA25,-0.00021733061354615088,0.02097534637757038,0.12201334773640533,-0.0663439526745518,0.0026859285289684625,0.0015227408101660378,-0.0022597224276642465,0.15164572954916974,0.1796120147754357,-0.09547834272843864,-0.04447369008295038,0.0030099258825471444,-0.023089554944068082,0.03593266543856669,-0.0593682719417879,0.009716723171352793,0.03601796840995745,0.42521670345336093,0.0893931130076677,-0.044422933059526735,-0.06461041398920106,-0.04103333851890217,0.13932083662800418,-0.030761996330652297,-0.037764377644193554,-0.017647086674328034,0.032012063342417844,-0.06130402175748059,0.04596470797788159,-0.017363748816260214,2.3766943673666517e-23,0.09755536538112877,-0.0967258175029464,0.2961043313245287,0.22027092397188133,-0.07298695193848775,-0.048250025537109636,-0.00021733061354618587,-0.02853736909998553,-0.12124210399922182,0.05730752669454108,-8.204672330149236e-05,-0.0004433343697796785,0.0004001626110406567,-0.13013732237954967,-0.15296407228215692,0.06907902854575494,0.0347747387660939,-0.030595281963989043,-0.0053273690935896735,-0.03855941714716482,0.046818475326662445,-0.01684338725852458,-0.03240013767914077,-0.5247666644780532,-0.0820461973435073,0.038547322226270886,0.05589756679314576,0.036764656357182436,-0.11500172966193857,0.03770600300050522,0.030774959974340294,0.017712789734517807,-0.029370774188463254,0.044809967616419824,-0.04934979143615005,0.014353170148625305,0.0,-0.0967258175029464,0.09755536538112877,-0.2697316394821852,-0.20336930103276377,0.05971506838022744,0.03702030066967506
